/*
SQLyog Ultimate v8.32 
MySQL - 5.5.20 : Database - classoa
*********************************************************************
*/

/*!40101 SET NAMES utf8 */;

/*!40101 SET SQL_MODE=''*/;

/*!40014 SET @OLD_UNIQUE_CHECKS=@@UNIQUE_CHECKS, UNIQUE_CHECKS=0 */;
/*!40014 SET @OLD_FOREIGN_KEY_CHECKS=@@FOREIGN_KEY_CHECKS, FOREIGN_KEY_CHECKS=0 */;
/*!40101 SET @OLD_SQL_MODE=@@SQL_MODE, SQL_MODE='NO_AUTO_VALUE_ON_ZERO' */;
/*!40111 SET @OLD_SQL_NOTES=@@SQL_NOTES, SQL_NOTES=0 */;
CREATE DATABASE /*!32312 IF NOT EXISTS*/`classoa` /*!40100 DEFAULT CHARACTER SET utf8 COLLATE utf8_unicode_ci */;

USE `classoa`;

/*Table structure for table `classoa_class` */

DROP TABLE IF EXISTS `classoa_class`;

CREATE TABLE `classoa_class` (
  `class_id` int(10) NOT NULL AUTO_INCREMENT,
  `class_name` varchar(30) COLLATE utf8_unicode_ci NOT NULL,
  `class_type_id` int(10) DEFAULT NULL COMMENT '关联class_type表',
  `tuition_per_class` int(10) DEFAULT NULL COMMENT '学费（1课/1人），到分',
  `start_date` varchar(10) COLLATE utf8_unicode_ci NOT NULL,
  `end_date` varchar(10) COLLATE utf8_unicode_ci NOT NULL,
  `teacher_id` int(10) NOT NULL,
  `classroom_id` int(10) NOT NULL,
  `remark` varchar(20) COLLATE utf8_unicode_ci DEFAULT NULL,
  `timecn` varchar(100) COLLATE utf8_unicode_ci DEFAULT NULL COMMENT '课程时间 显示使用',
  `inst_id` int(10) NOT NULL,
  `status` int(1) NOT NULL DEFAULT '0',
  PRIMARY KEY (`class_id`)
) ENGINE=InnoDB AUTO_INCREMENT=54 DEFAULT CHARSET=utf8 COLLATE=utf8_unicode_ci;

/*Data for the table `classoa_class` */

insert  into `classoa_class`(`class_id`,`class_name`,`class_type_id`,`tuition_per_class`,`start_date`,`end_date`,`teacher_id`,`classroom_id`,`remark`,`timecn`,`inst_id`,`status`) values (21,'新概念1 5人',5,10000,'2016-05-01','2016-10-01',30,22,'士大夫',NULL,1,1),(22,'新概念2 10人',6,10000,'2016-05-01','2016-09-01',30,22,'uyghur',NULL,1,1),(24,'2424',31,NULL,'2016-05-01','2016-07-10',30,22,'',NULL,1,1),(25,'111',31,1000,'2016-05-01','2016-08-10',32,22,'',NULL,1,1),(26,'新概念梳理 新班',5,100,'2016-07-06','2016-08-05',30,22,'',NULL,1,1),(27,'新概念二 新班',6,100,'2016-07-11','2016-08-09',30,22,'',NULL,1,1),(28,'常规课 新概念一',5,100,'2016-07-06','2016-08-11',30,22,'',NULL,1,1),(29,'常规课 新概念',5,100,'2016-07-01','2016-08-06',30,22,'',NULL,1,1),(30,'常规课 新概念二 六年级',6,100,'2016-07-07','2016-08-05',30,22,'',NULL,1,1),(31,'常规课 新概念二 初一',6,100,'2016-07-07','2016-08-05',30,22,'',NULL,1,1),(32,'KET 暑假课',3,100,'2016-07-06','2016-08-06',30,22,'',NULL,1,1),(33,'PET 暑假课',4,100,'2016-07-06','2016-08-06',30,22,'',NULL,1,1),(34,'23',6,1,'2016-06-01','2016-06-30',30,22,'',NULL,1,1),(35,'11',31,11,'2016-06-01','2016-06-30',32,22,'',NULL,1,1),(36,'12',31,12,'2016-06-06','2016-06-29',32,22,'','星期一|7:00-8:00</br>星期一|7:00-8:00</br>星期一|7:00-8:00</br>',1,1),(37,'11',31,11,'2016-06-07','2016-06-30',32,22,'','星期二|7:30-8:30</br>星期四|8:00-9:00</br>',1,1),(38,'12',31,12,'2016-06-13','2016-06-26',32,22,'','星期一  8:30-9:30</br>星期日  9:30-10:00</br>',1,1),(39,'新班 新概念语法梳理',5,100,'2016-07-07','2016-08-04',30,22,'','星期二  10:00-12:00</br>星期四  10:00-12:00</br>',1,0),(40,'新班 新概念二',6,100,'2016-07-11','2016-08-08',30,22,'','星期一  10:00-12:00</br>',1,0),(41,'常规课 新概念一 7人班',5,100,'2016-07-06','2016-08-10',30,22,'','星期三  10:00-12:00</br>',1,0),(42,'常规课 新概念一 11人班',5,100,'2016-07-01','2016-08-05',30,22,'','星期五  10:00-12:00</br>',1,0),(43,' 常规课 新概念二 小学',6,100,'2016-07-07','2016-08-04',30,22,'','星期二  14:00-16:00</br>星期四  14:00-16:00</br>',1,0),(44,'常规课 新概念二 初中',6,100,'2016-07-07','2016-08-04',30,22,'','星期二  16:00-18:00</br>星期四  16:00-18:00</br>',1,0),(45,'KET 考级培训班',3,100,'2016-07-06','2016-08-05',30,22,'','星期一  13:30-15:30</br>星期三  13:30-15:30</br>星期五  13:30-15:30</br>',1,0),(46,'PET 考级培训班',4,100,'2016-07-06','2016-08-05',30,22,'','星期一  16:00-18:00</br>星期三  16:00-18:00</br>星期五  16:00-18:00</br>',1,0),(47,'11',6,11,'2016-06-01','2016-06-29',30,21,'','星期一  7:00-7:30</br>',1,1),(48,'1212',31,11,'2016-06-01','2016-06-30',32,22,'','星期一  7:00-8:30</br>星期二  7:00-8:00</br>',1,1),(49,'1212',31,11,'2016-06-01','2016-06-30',32,22,'','星期二  8:00-9:00</br>星期四  7:00-8:00</br>',1,0),(52,'rrr',31,111,'2016-06-02','2016-06-29',32,22,'','星期二  7:00-9:00</br>星期三  8:00-10:00</br>',1,0),(53,'qwqw',31,200,'2016-06-01','2016-06-30',32,22,'','星期一  7:00-9:00</br>',1,0);

/*Table structure for table `classoa_class_detail` */

DROP TABLE IF EXISTS `classoa_class_detail`;

CREATE TABLE `classoa_class_detail` (
  `class_detail_id` int(10) NOT NULL AUTO_INCREMENT,
  `date` varchar(10) COLLATE utf8_unicode_ci NOT NULL COMMENT '课程日期',
  `year` varchar(4) COLLATE utf8_unicode_ci NOT NULL COMMENT '2015',
  `month` varchar(2) COLLATE utf8_unicode_ci NOT NULL COMMENT '02',
  `day_of_week` int(1) NOT NULL COMMENT '星期几',
  `start_time` varchar(10) COLLATE utf8_unicode_ci NOT NULL COMMENT '课程开始时间 24小时制',
  `start_time_int` int(10) DEFAULT NULL,
  `end_time` varchar(10) COLLATE utf8_unicode_ci NOT NULL COMMENT '课程结束时间 24小时制',
  `teacher_id` int(10) NOT NULL,
  `classroom_id` int(10) NOT NULL,
  `class_id` int(10) NOT NULL,
  `inst_id` int(10) NOT NULL,
  `status` int(1) NOT NULL DEFAULT '0',
  `is_absent_check` int(1) NOT NULL DEFAULT '0' COMMENT '0 未登记考勤  1 已登记',
  PRIMARY KEY (`class_detail_id`)
) ENGINE=InnoDB AUTO_INCREMENT=494 DEFAULT CHARSET=utf8 COLLATE=utf8_unicode_ci;

/*Data for the table `classoa_class_detail` */

insert  into `classoa_class_detail`(`class_detail_id`,`date`,`year`,`month`,`day_of_week`,`start_time`,`start_time_int`,`end_time`,`teacher_id`,`classroom_id`,`class_id`,`inst_id`,`status`,`is_absent_check`) values (44,'2016-05-23','2016','5',1,'7:00',700,'8:00',30,22,21,1,1,0),(45,'2016-05-25','2016','5',3,'9:30',930,'10:30',30,22,21,1,1,0),(46,'2016-05-30','2016','5',1,'7:00',700,'8:00',30,22,21,1,1,0),(47,'2016-06-01','2016','6',3,'9:30',930,'10:30',30,22,21,1,1,0),(48,'2016-06-06','2016','6',1,'7:00',700,'8:00',30,22,21,1,1,0),(49,'2016-06-08','2016','6',3,'9:30',930,'10:30',30,22,21,1,1,0),(50,'2016-06-13','2016','6',1,'7:00',700,'8:00',30,22,21,1,1,0),(51,'2016-06-15','2016','6',3,'9:30',930,'10:30',30,22,21,1,1,0),(52,'2016-06-20','2016','6',1,'7:00',700,'8:00',30,22,21,1,1,0),(53,'2016-06-22','2016','6',3,'9:30',930,'10:30',30,22,21,1,1,0),(54,'2016-06-27','2016','6',1,'7:00',700,'8:00',30,22,21,1,1,0),(55,'2016-06-29','2016','6',3,'9:30',930,'10:30',30,22,21,1,1,0),(56,'2016-07-04','2016','7',1,'7:00',700,'8:00',30,22,21,1,1,0),(57,'2016-07-06','2016','7',3,'9:30',930,'10:30',30,22,21,1,1,0),(58,'2016-07-11','2016','7',1,'7:00',700,'8:00',30,22,21,1,1,0),(59,'2016-07-13','2016','7',3,'9:30',930,'10:30',30,22,21,1,1,0),(60,'2016-07-18','2016','7',1,'7:00',700,'8:00',30,22,21,1,1,0),(61,'2016-07-20','2016','7',3,'9:30',930,'10:30',30,22,21,1,1,0),(62,'2016-07-25','2016','7',1,'7:00',700,'8:00',30,22,21,1,1,0),(63,'2016-07-27','2016','7',3,'9:30',930,'10:30',30,22,21,1,1,0),(64,'2016-08-01','2016','8',1,'7:00',700,'8:00',30,22,21,1,1,0),(65,'2016-08-03','2016','8',3,'9:30',930,'10:30',30,22,21,1,1,0),(66,'2016-08-08','2016','8',1,'7:00',700,'8:00',30,22,21,1,1,0),(67,'2016-08-10','2016','8',3,'9:30',930,'10:30',30,22,21,1,1,0),(68,'2016-08-15','2016','8',1,'7:00',700,'8:00',30,22,21,1,1,0),(69,'2016-08-17','2016','8',3,'9:30',930,'10:30',30,22,21,1,1,0),(70,'2016-08-22','2016','8',1,'7:00',700,'8:00',30,22,21,1,1,0),(71,'2016-08-24','2016','8',3,'9:30',930,'10:30',30,22,21,1,1,0),(72,'2016-08-29','2016','8',1,'7:00',700,'8:00',30,22,21,1,1,0),(73,'2016-08-31','2016','8',3,'9:30',930,'10:30',30,22,21,1,1,0),(74,'2016-09-05','2016','9',1,'7:00',700,'8:00',30,22,21,1,1,0),(75,'2016-09-07','2016','9',3,'9:30',930,'10:30',30,22,21,1,1,0),(76,'2016-09-12','2016','9',1,'7:00',700,'8:00',30,22,21,1,1,0),(77,'2016-09-14','2016','9',3,'9:30',930,'10:30',30,22,21,1,1,0),(78,'2016-09-19','2016','9',1,'7:00',700,'8:00',30,22,21,1,1,0),(79,'2016-09-21','2016','9',3,'9:30',930,'10:30',30,22,21,1,1,0),(80,'2016-09-26','2016','9',1,'7:00',700,'8:00',30,22,21,1,1,0),(81,'2016-09-28','2016','9',3,'9:30',930,'10:30',30,22,21,1,1,0),(82,'2016-06-01','2016','6',3,'13:00',1300,'13:00',30,22,22,1,1,0),(83,'2016-06-03','2016','6',5,'16:00',1600,'18:00',30,22,22,1,1,0),(84,'2016-06-06','2016','6',1,'9:00',900,'11:00',30,22,22,1,1,0),(85,'2016-06-08','2016','6',3,'13:00',1300,'13:00',30,22,22,1,1,0),(86,'2016-06-10','2016','6',5,'16:00',1600,'18:00',30,22,22,1,1,0),(87,'2016-06-13','2016','6',1,'9:00',900,'11:00',30,22,22,1,1,0),(88,'2016-06-15','2016','6',3,'13:00',1300,'13:00',30,22,22,1,1,0),(89,'2016-06-17','2016','6',5,'16:00',1600,'18:00',30,22,22,1,1,0),(90,'2016-06-20','2016','6',1,'9:00',900,'11:00',30,22,22,1,1,0),(91,'2016-06-22','2016','6',3,'13:00',1300,'13:00',30,22,22,1,1,0),(92,'2016-06-24','2016','6',5,'16:00',1600,'18:00',30,22,22,1,1,0),(93,'2016-06-27','2016','6',1,'9:00',900,'11:00',30,22,22,1,1,0),(94,'2016-06-29','2016','6',3,'13:00',1300,'13:00',30,22,22,1,1,0),(95,'2016-07-01','2016','7',5,'16:00',1600,'18:00',30,22,22,1,1,0),(96,'2016-07-04','2016','7',1,'9:00',900,'11:00',30,22,22,1,1,0),(97,'2016-07-06','2016','7',3,'13:00',1300,'13:00',30,22,22,1,1,0),(98,'2016-07-08','2016','7',5,'16:00',1600,'18:00',30,22,22,1,1,0),(99,'2016-07-11','2016','7',1,'9:00',900,'11:00',30,22,22,1,1,0),(100,'2016-07-13','2016','7',3,'13:00',1300,'13:00',30,22,22,1,1,0),(101,'2016-07-15','2016','7',5,'16:00',1600,'18:00',30,22,22,1,1,0),(102,'2016-07-18','2016','7',1,'9:00',900,'11:00',30,22,22,1,1,0),(103,'2016-07-20','2016','7',3,'13:00',1300,'13:00',30,22,22,1,1,0),(104,'2016-07-22','2016','7',5,'16:00',1600,'18:00',30,22,22,1,1,0),(105,'2016-07-25','2016','7',1,'9:00',900,'11:00',30,22,22,1,1,0),(106,'2016-07-27','2016','7',3,'13:00',1300,'13:00',30,22,22,1,1,0),(107,'2016-07-29','2016','7',5,'16:00',1600,'18:00',30,22,22,1,1,0),(108,'2016-08-01','2016','8',1,'9:00',900,'11:00',30,22,22,1,1,0),(109,'2016-08-03','2016','8',3,'13:00',1300,'13:00',30,22,22,1,1,0),(110,'2016-08-05','2016','8',5,'16:00',1600,'18:00',30,22,22,1,1,0),(111,'2016-08-08','2016','8',1,'9:00',900,'11:00',30,22,22,1,1,0),(112,'2016-08-10','2016','8',3,'13:00',1300,'13:00',30,22,22,1,1,0),(113,'2016-08-12','2016','8',5,'16:00',1600,'18:00',30,22,22,1,1,0),(114,'2016-08-15','2016','8',1,'9:00',900,'11:00',30,22,22,1,1,0),(115,'2016-08-17','2016','8',3,'13:00',1300,'13:00',30,22,22,1,1,0),(116,'2016-08-19','2016','8',5,'16:00',1600,'18:00',30,22,22,1,1,0),(117,'2016-08-22','2016','8',1,'9:00',900,'11:00',30,22,22,1,1,0),(118,'2016-08-24','2016','8',3,'13:00',1300,'13:00',30,22,22,1,1,0),(119,'2016-08-26','2016','8',5,'16:00',1600,'18:00',30,22,22,1,1,0),(120,'2016-08-29','2016','8',1,'9:00',900,'11:00',30,22,22,1,1,0),(121,'2016-08-31','2016','8',3,'13:00',1300,'13:00',30,22,22,1,1,0),(122,'2016-09-02','2016','9',5,'16:00',1600,'18:00',30,22,22,1,1,0),(123,'2016-09-05','2016','9',1,'9:00',900,'11:00',30,22,22,1,1,0),(124,'2016-09-07','2016','9',3,'13:00',1300,'13:00',30,22,22,1,1,0),(125,'2016-09-09','2016','9',5,'16:00',1600,'18:00',30,22,22,1,1,0),(126,'2016-09-12','2016','9',1,'9:00',900,'11:00',30,22,22,1,1,0),(127,'2016-09-14','2016','9',3,'13:00',1300,'13:00',30,22,22,1,1,0),(128,'2016-09-16','2016','9',5,'16:00',1600,'18:00',30,22,22,1,1,0),(129,'2016-09-19','2016','9',1,'9:00',900,'11:00',30,22,22,1,1,0),(130,'2016-09-21','2016','9',3,'13:00',1300,'13:00',30,22,22,1,1,0),(131,'2016-09-23','2016','9',5,'16:00',1600,'18:00',30,22,22,1,1,0),(132,'2016-09-26','2016','9',1,'9:00',900,'11:00',30,22,22,1,1,0),(133,'2016-09-28','2016','9',3,'13:00',1300,'13:00',30,22,22,1,1,0),(134,'2016-09-30','2016','9',5,'16:00',1600,'18:00',30,22,22,1,1,0),(135,'2016-10-03','2016','10',1,'9:00',900,'11:00',30,22,22,1,1,0),(136,'2016-10-05','2016','10',3,'13:00',1300,'13:00',30,22,22,1,1,0),(137,'2016-10-07','2016','10',5,'16:00',1600,'18:00',30,22,22,1,1,0),(138,'2016-10-10','2016','10',1,'9:00',900,'11:00',30,22,22,1,1,0),(139,'2016-10-12','2016','10',3,'13:00',1300,'13:00',30,22,22,1,1,0),(140,'2016-10-14','2016','10',5,'16:00',1600,'18:00',30,22,22,1,1,0),(141,'2016-10-17','2016','10',1,'9:00',900,'11:00',30,22,22,1,1,0),(142,'2016-10-19','2016','10',3,'13:00',1300,'13:00',30,22,22,1,1,0),(143,'2016-10-21','2016','10',5,'16:00',1600,'18:00',30,22,22,1,1,0),(144,'2016-10-24','2016','10',1,'9:00',900,'11:00',30,22,22,1,1,0),(145,'2016-10-26','2016','10',3,'13:00',1300,'13:00',30,22,22,1,1,0),(146,'2016-10-28','2016','10',5,'16:00',1600,'18:00',30,22,22,1,1,0),(147,'2016-10-31','2016','10',1,'9:00',900,'11:00',30,22,22,1,1,0),(148,'2016-11-02','2016','11',3,'13:00',1300,'13:00',30,22,22,1,1,0),(149,'2016-11-04','2016','11',5,'16:00',1600,'18:00',30,22,22,1,1,0),(150,'2016-11-07','2016','11',1,'9:00',900,'11:00',30,22,22,1,1,0),(151,'2016-11-09','2016','11',3,'13:00',1300,'13:00',30,22,22,1,1,0),(152,'2016-11-11','2016','11',5,'16:00',1600,'18:00',30,22,22,1,1,0),(153,'2016-11-14','2016','11',1,'9:00',900,'11:00',30,22,22,1,1,0),(154,'2016-11-16','2016','11',3,'13:00',1300,'13:00',30,22,22,1,1,0),(155,'2016-11-18','2016','11',5,'16:00',1600,'18:00',30,22,22,1,1,0),(156,'2016-11-21','2016','11',1,'9:00',900,'11:00',30,22,22,1,1,0),(157,'2016-11-23','2016','11',3,'13:00',1300,'13:00',30,22,22,1,1,0),(158,'2016-11-25','2016','11',5,'16:00',1600,'18:00',30,22,22,1,1,0),(159,'2016-11-28','2016','11',1,'9:00',900,'11:00',30,22,22,1,1,0),(238,'2016-05-02','2016','5',1,'7:30',730,'8:30',30,22,24,1,1,0),(239,'2016-05-03','2016','5',2,'20:00',2000,'21:00',30,22,24,1,1,0),(240,'2016-05-09','2016','5',1,'7:30',730,'8:30',30,22,24,1,1,0),(241,'2016-05-10','2016','5',2,'20:00',2000,'21:00',30,22,24,1,1,0),(242,'2016-05-16','2016','5',1,'7:30',730,'8:30',30,22,24,1,1,0),(243,'2016-05-17','2016','5',2,'20:00',2000,'21:00',30,22,24,1,1,0),(244,'2016-05-23','2016','5',1,'7:30',730,'8:30',30,22,24,1,1,0),(245,'2016-05-24','2016','5',2,'20:00',2000,'21:00',30,22,24,1,1,0),(246,'2016-05-30','2016','5',1,'7:30',730,'8:30',30,22,24,1,1,0),(247,'2016-05-31','2016','5',2,'20:00',2000,'21:00',30,22,24,1,1,0),(248,'2016-06-06','2016','6',1,'7:30',730,'8:30',30,22,24,1,1,0),(249,'2016-06-07','2016','6',2,'20:00',2000,'21:00',30,22,24,1,1,0),(250,'2016-06-13','2016','6',1,'7:30',730,'8:30',30,22,24,1,1,0),(251,'2016-06-14','2016','6',2,'20:00',2000,'21:00',30,22,24,1,1,0),(252,'2016-06-20','2016','6',1,'7:30',730,'8:30',30,22,24,1,1,0),(253,'2016-06-21','2016','6',2,'20:00',2000,'21:00',30,22,24,1,1,0),(254,'2016-06-27','2016','6',1,'7:30',730,'8:30',30,22,24,1,1,0),(255,'2016-06-28','2016','6',2,'20:00',2000,'21:00',30,22,24,1,1,0),(256,'2016-07-04','2016','7',1,'7:30',730,'8:30',30,22,24,1,1,0),(257,'2016-07-05','2016','7',2,'20:00',2000,'21:00',30,22,24,1,1,0),(258,'2016-05-02','2016','5',1,'7:00',700,'9:00',32,22,25,1,1,0),(259,'2016-05-09','2016','5',1,'7:00',700,'9:00',32,22,25,1,1,0),(260,'2016-05-16','2016','5',1,'7:00',700,'9:00',32,22,25,1,1,0),(261,'2016-05-23','2016','5',1,'7:00',700,'9:00',32,22,25,1,1,0),(262,'2016-05-30','2016','5',1,'7:00',700,'9:00',32,22,25,1,1,0),(263,'2016-06-06','2016','6',1,'7:00',700,'9:00',32,22,25,1,1,0),(264,'2016-06-13','2016','6',1,'7:00',700,'9:00',32,22,25,1,1,0),(265,'2016-06-20','2016','6',1,'7:00',700,'9:00',32,22,25,1,1,0),(266,'2016-06-27','2016','6',1,'7:00',700,'9:00',32,22,25,1,1,0),(267,'2016-07-04','2016','7',1,'7:00',700,'9:00',32,22,25,1,1,0),(268,'2016-07-11','2016','7',1,'7:00',700,'9:00',32,22,25,1,1,0),(269,'2016-07-18','2016','7',1,'7:00',700,'9:00',32,22,25,1,1,0),(270,'2016-07-25','2016','7',1,'7:00',700,'9:00',32,22,25,1,1,0),(271,'2016-08-01','2016','8',1,'7:00',700,'9:00',32,22,25,1,1,0),(272,'2016-08-08','2016','8',1,'7:00',700,'9:00',32,22,25,1,1,0),(273,'2016-07-07','2016','7',4,'10:00',1000,'12:00',30,22,26,1,1,0),(274,'2016-07-12','2016','7',2,'10:00',1000,'12:00',30,22,26,1,1,0),(275,'2016-07-14','2016','7',4,'10:00',1000,'12:00',30,22,26,1,1,0),(276,'2016-07-19','2016','7',2,'10:00',1000,'12:00',30,22,26,1,1,0),(277,'2016-07-21','2016','7',4,'10:00',1000,'12:00',30,22,26,1,1,0),(278,'2016-07-26','2016','7',2,'10:00',1000,'12:00',30,22,26,1,1,0),(279,'2016-07-28','2016','7',4,'10:00',1000,'12:00',30,22,26,1,1,0),(280,'2016-08-02','2016','8',2,'10:00',1000,'12:00',30,22,26,1,1,0),(281,'2016-08-04','2016','8',4,'10:00',1000,'12:00',30,22,26,1,1,0),(282,'2016-07-11','2016','7',1,'10:00',1000,'12:00',30,22,27,1,1,0),(283,'2016-07-18','2016','7',1,'10:00',1000,'12:00',30,22,27,1,1,0),(284,'2016-07-25','2016','7',1,'10:00',1000,'12:00',30,22,27,1,1,0),(285,'2016-08-01','2016','8',1,'10:00',1000,'12:00',30,22,27,1,1,0),(286,'2016-08-08','2016','8',1,'10:00',1000,'12:00',30,22,27,1,1,0),(287,'2016-07-06','2016','7',3,'10:00',1000,'12:00',30,22,28,1,1,0),(288,'2016-07-13','2016','7',3,'10:00',1000,'12:00',30,22,28,1,1,0),(289,'2016-07-20','2016','7',3,'10:00',1000,'12:00',30,22,28,1,1,0),(290,'2016-07-27','2016','7',3,'10:00',1000,'12:00',30,22,28,1,1,0),(291,'2016-08-03','2016','8',3,'10:00',1000,'12:00',30,22,28,1,1,0),(292,'2016-08-10','2016','8',3,'10:00',1000,'12:00',30,22,28,1,1,0),(293,'2016-07-01','2016','7',5,'10:00',1000,'12:00',30,22,29,1,1,0),(294,'2016-07-08','2016','7',5,'10:00',1000,'12:00',30,22,29,1,1,0),(295,'2016-07-15','2016','7',5,'10:00',1000,'12:00',30,22,29,1,1,0),(296,'2016-07-22','2016','7',5,'10:00',1000,'12:00',30,22,29,1,1,0),(297,'2016-07-29','2016','7',5,'10:00',1000,'12:00',30,22,29,1,1,0),(298,'2016-08-05','2016','8',5,'10:00',1000,'12:00',30,22,29,1,1,0),(299,'2016-07-07','2016','7',4,'14:00',1400,'16:00',30,22,30,1,1,0),(300,'2016-07-12','2016','7',2,'14:00',1400,'16:00',30,22,30,1,1,0),(301,'2016-07-14','2016','7',4,'14:00',1400,'16:00',30,22,30,1,1,0),(302,'2016-07-19','2016','7',2,'14:00',1400,'16:00',30,22,30,1,1,0),(303,'2016-07-21','2016','7',4,'14:00',1400,'16:00',30,22,30,1,1,0),(304,'2016-07-26','2016','7',2,'14:00',1400,'16:00',30,22,30,1,1,0),(305,'2016-07-28','2016','7',4,'14:00',1400,'16:00',30,22,30,1,1,0),(306,'2016-08-02','2016','8',2,'14:00',1400,'16:00',30,22,30,1,1,0),(307,'2016-08-04','2016','8',4,'14:00',1400,'16:00',30,22,30,1,1,0),(308,'2016-07-07','2016','7',4,'16:00',1600,'18:00',30,22,31,1,1,0),(309,'2016-07-12','2016','7',2,'16:00',1600,'18:00',30,22,31,1,1,0),(310,'2016-07-14','2016','7',4,'16:00',1600,'18:00',30,22,31,1,1,0),(311,'2016-07-19','2016','7',2,'16:00',1600,'18:00',30,22,31,1,1,0),(312,'2016-07-21','2016','7',4,'16:00',1600,'18:00',30,22,31,1,1,0),(313,'2016-07-26','2016','7',2,'16:00',1600,'18:00',30,22,31,1,1,0),(314,'2016-07-28','2016','7',4,'16:00',1600,'18:00',30,22,31,1,1,0),(315,'2016-08-02','2016','8',2,'16:00',1600,'18:00',30,22,31,1,1,0),(316,'2016-08-04','2016','8',4,'16:00',1600,'18:00',30,22,31,1,1,0),(317,'2016-07-06','2016','7',3,'13:30',1330,'15:30',30,22,32,1,1,0),(318,'2016-07-08','2016','7',5,'13:30',1330,'15:30',30,22,32,1,1,0),(319,'2016-07-11','2016','7',1,'13:30',1330,'15:30',30,22,32,1,1,0),(320,'2016-07-13','2016','7',3,'13:30',1330,'15:30',30,22,32,1,1,0),(321,'2016-07-15','2016','7',5,'13:30',1330,'15:30',30,22,32,1,1,0),(322,'2016-07-18','2016','7',1,'13:30',1330,'15:30',30,22,32,1,1,0),(323,'2016-07-20','2016','7',3,'13:30',1330,'15:30',30,22,32,1,1,0),(324,'2016-07-22','2016','7',5,'13:30',1330,'15:30',30,22,32,1,1,0),(325,'2016-07-25','2016','7',1,'13:30',1330,'15:30',30,22,32,1,1,0),(326,'2016-07-27','2016','7',3,'13:30',1330,'15:30',30,22,32,1,1,0),(327,'2016-07-29','2016','7',5,'13:30',1330,'15:30',30,22,32,1,1,0),(328,'2016-08-01','2016','8',1,'13:30',1330,'15:30',30,22,32,1,1,0),(329,'2016-08-03','2016','8',3,'13:30',1330,'15:30',30,22,32,1,1,0),(330,'2016-08-05','2016','8',5,'13:30',1330,'15:30',30,22,32,1,1,0),(331,'2016-07-06','2016','7',3,'16:00',1600,'18:00',30,22,33,1,1,0),(332,'2016-07-08','2016','7',5,'16:00',1600,'18:00',30,22,33,1,1,0),(333,'2016-07-11','2016','7',1,'16:00',1600,'18:00',30,22,33,1,1,0),(334,'2016-07-13','2016','7',3,'16:00',1600,'18:00',30,22,33,1,1,0),(335,'2016-07-15','2016','7',5,'16:00',1600,'18:00',30,22,33,1,1,0),(336,'2016-07-18','2016','7',1,'16:00',1600,'18:00',30,22,33,1,1,0),(337,'2016-07-20','2016','7',3,'16:00',1600,'18:00',30,22,33,1,1,0),(338,'2016-07-22','2016','7',5,'16:00',1600,'18:00',30,22,33,1,1,0),(339,'2016-07-25','2016','7',1,'16:00',1600,'18:00',30,22,33,1,1,0),(340,'2016-07-27','2016','7',3,'16:00',1600,'18:00',30,22,33,1,1,0),(341,'2016-07-29','2016','7',5,'16:00',1600,'18:00',30,22,33,1,1,0),(342,'2016-08-01','2016','8',1,'16:00',1600,'18:00',30,22,33,1,1,0),(343,'2016-08-03','2016','8',3,'16:00',1600,'18:00',30,22,33,1,1,0),(344,'2016-08-05','2016','8',5,'16:00',1600,'18:00',30,22,33,1,1,0),(345,'2016-06-01','2016','6',3,'7:00',700,'8:00',30,22,34,1,1,0),(346,'2016-06-02','2016','6',4,'7:00',700,'8:00',30,22,34,1,1,0),(347,'2016-06-08','2016','6',3,'7:00',700,'8:00',30,22,34,1,1,0),(348,'2016-06-09','2016','6',4,'7:00',700,'8:00',30,22,34,1,1,0),(349,'2016-06-15','2016','6',3,'7:00',700,'8:00',30,22,34,1,1,0),(350,'2016-06-16','2016','6',4,'7:00',700,'8:00',30,22,34,1,1,0),(351,'2016-06-22','2016','6',3,'7:00',700,'8:00',30,22,34,1,1,0),(352,'2016-06-23','2016','6',4,'7:00',700,'8:00',30,22,34,1,1,0),(353,'2016-06-29','2016','6',3,'7:00',700,'8:00',30,22,34,1,1,0),(354,'2016-06-01','2016','6',3,'7:00',700,'8:00',32,22,35,1,1,0),(355,'2016-06-02','2016','6',4,'7:00',700,'8:00',32,22,35,1,1,0),(356,'2016-06-08','2016','6',3,'7:00',700,'8:00',32,22,35,1,1,0),(357,'2016-06-09','2016','6',4,'7:00',700,'8:00',32,22,35,1,1,0),(358,'2016-06-15','2016','6',3,'7:00',700,'8:00',32,22,35,1,1,0),(359,'2016-06-16','2016','6',4,'7:00',700,'8:00',32,22,35,1,1,0),(360,'2016-06-22','2016','6',3,'7:00',700,'8:00',32,22,35,1,1,0),(361,'2016-06-23','2016','6',4,'7:00',700,'8:00',32,22,35,1,1,0),(362,'2016-06-29','2016','6',3,'7:00',700,'8:00',32,22,35,1,1,0),(363,'2016-06-30','2016','6',4,'7:00',700,'8:00',32,22,35,1,1,0),(364,'2016-06-06','2016','6',1,'7:00',700,'8:00',32,22,36,1,1,0),(365,'2016-06-08','2016','6',3,'7:00',700,'8:00',32,22,36,1,1,0),(366,'2016-06-09','2016','6',4,'7:00',700,'8:00',32,22,36,1,1,0),(367,'2016-06-13','2016','6',1,'7:00',700,'8:00',32,22,36,1,1,0),(368,'2016-06-15','2016','6',3,'7:00',700,'8:00',32,22,36,1,1,0),(369,'2016-06-16','2016','6',4,'7:00',700,'8:00',32,22,36,1,1,0),(370,'2016-06-20','2016','6',1,'7:00',700,'8:00',32,22,36,1,1,0),(371,'2016-06-22','2016','6',3,'7:00',700,'8:00',32,22,36,1,1,0),(372,'2016-06-23','2016','6',4,'7:00',700,'8:00',32,22,36,1,1,0),(373,'2016-06-27','2016','6',1,'7:00',700,'8:00',32,22,36,1,1,0),(374,'2016-06-29','2016','6',3,'7:00',700,'8:00',32,22,36,1,1,0),(375,'2016-06-07','2016','6',2,'7:30',730,'8:30',32,22,37,1,1,0),(376,'2016-06-09','2016','6',4,'8:00',800,'9:00',32,22,37,1,1,0),(377,'2016-06-14','2016','6',2,'7:30',730,'8:30',32,22,37,1,1,0),(378,'2016-06-16','2016','6',4,'8:00',800,'9:00',32,22,37,1,1,0),(379,'2016-06-21','2016','6',2,'7:30',730,'8:30',32,22,37,1,1,0),(380,'2016-06-23','2016','6',4,'8:00',800,'9:00',32,22,37,1,1,0),(381,'2016-06-28','2016','6',2,'7:30',730,'8:30',32,22,37,1,1,0),(382,'2016-06-30','2016','6',4,'8:00',800,'9:00',32,22,37,1,1,0),(383,'2016-06-13','2016','6',1,'8:30',830,'9:30',32,22,38,1,1,0),(384,'2016-06-19','2016','6',7,'9:30',930,'10:00',32,22,38,1,1,0),(385,'2016-06-20','2016','6',1,'8:30',830,'9:30',32,22,38,1,1,0),(386,'2016-06-26','2016','6',7,'9:30',930,'10:00',32,22,38,1,1,0),(387,'2016-07-07','2016','7',4,'10:00',1000,'12:00',30,22,39,1,0,0),(388,'2016-07-12','2016','7',2,'10:00',1000,'12:00',30,22,39,1,0,0),(389,'2016-07-14','2016','7',4,'10:00',1000,'12:00',30,22,39,1,0,0),(390,'2016-07-19','2016','7',2,'10:00',1000,'12:00',30,22,39,1,0,0),(391,'2016-07-21','2016','7',4,'10:00',1000,'12:00',30,22,39,1,0,0),(392,'2016-07-26','2016','7',2,'10:00',1000,'12:00',30,22,39,1,0,0),(393,'2016-07-28','2016','7',4,'10:00',1000,'12:00',30,22,39,1,0,0),(394,'2016-08-02','2016','8',2,'10:00',1000,'12:00',30,22,39,1,0,0),(395,'2016-08-04','2016','8',4,'10:00',1000,'12:00',30,22,39,1,0,0),(396,'2016-07-11','2016','7',1,'10:00',1000,'12:00',30,22,40,1,0,1),(397,'2016-07-18','2016','7',1,'10:00',1000,'12:00',30,22,40,1,0,0),(398,'2016-07-25','2016','7',1,'10:00',1000,'12:00',30,22,40,1,0,0),(399,'2016-08-01','2016','8',1,'10:00',1000,'12:00',30,22,40,1,0,0),(400,'2016-08-08','2016','8',1,'10:00',1000,'12:00',30,22,40,1,0,0),(401,'2016-07-06','2016','7',3,'10:00',1000,'12:00',30,22,41,1,0,0),(402,'2016-07-13','2016','7',3,'10:00',1000,'12:00',30,22,41,1,0,0),(403,'2016-07-20','2016','7',3,'10:00',1000,'12:00',30,22,41,1,0,0),(404,'2016-07-27','2016','7',3,'10:00',1000,'12:00',30,22,41,1,0,0),(405,'2016-08-03','2016','8',3,'10:00',1000,'12:00',30,22,41,1,0,0),(406,'2016-08-10','2016','8',3,'10:00',1000,'12:00',30,22,41,1,0,0),(407,'2016-07-01','2016','7',5,'10:00',1000,'12:00',30,22,42,1,0,0),(408,'2016-07-08','2016','7',5,'10:00',1000,'12:00',30,22,42,1,0,0),(409,'2016-07-15','2016','7',5,'10:00',1000,'12:00',30,22,42,1,0,0),(410,'2016-07-22','2016','7',5,'10:00',1000,'12:00',30,22,42,1,0,0),(411,'2016-07-29','2016','7',5,'10:00',1000,'12:00',30,22,42,1,0,0),(412,'2016-08-05','2016','8',5,'10:00',1000,'12:00',30,22,42,1,0,0),(413,'2016-07-07','2016','7',4,'14:00',1400,'16:00',30,22,43,1,0,0),(414,'2016-07-12','2016','7',2,'14:00',1400,'16:00',30,22,43,1,0,0),(415,'2016-07-14','2016','7',4,'14:00',1400,'16:00',30,22,43,1,0,0),(416,'2016-07-19','2016','7',2,'14:00',1400,'16:00',30,22,43,1,0,0),(417,'2016-07-21','2016','7',4,'14:00',1400,'16:00',30,22,43,1,0,0),(418,'2016-07-26','2016','7',2,'14:00',1400,'16:00',30,22,43,1,0,0),(419,'2016-07-28','2016','7',4,'14:00',1400,'16:00',30,22,43,1,0,0),(420,'2016-08-02','2016','8',2,'14:00',1400,'16:00',30,22,43,1,0,0),(421,'2016-08-04','2016','8',4,'14:00',1400,'16:00',30,22,43,1,0,0),(422,'2016-07-07','2016','7',4,'16:00',1600,'18:00',30,22,44,1,0,0),(423,'2016-07-12','2016','7',2,'16:00',1600,'18:00',30,22,44,1,0,0),(424,'2016-07-14','2016','7',4,'16:00',1600,'18:00',30,22,44,1,0,0),(425,'2016-07-19','2016','7',2,'16:00',1600,'18:00',30,22,44,1,0,0),(426,'2016-07-21','2016','7',4,'16:00',1600,'18:00',30,22,44,1,0,0),(427,'2016-07-26','2016','7',2,'16:00',1600,'18:00',30,22,44,1,0,0),(428,'2016-07-28','2016','7',4,'16:00',1600,'18:00',30,22,44,1,0,0),(429,'2016-08-02','2016','8',2,'16:00',1600,'18:00',30,22,44,1,0,0),(430,'2016-08-04','2016','8',4,'16:00',1600,'18:00',30,22,44,1,0,0),(431,'2016-07-06','2016','7',3,'13:30',1330,'15:30',30,22,45,1,0,0),(432,'2016-07-08','2016','7',5,'13:30',1330,'15:30',30,22,45,1,0,0),(433,'2016-07-11','2016','7',1,'13:30',1330,'15:30',30,22,45,1,0,0),(434,'2016-07-13','2016','7',3,'13:30',1330,'15:30',30,22,45,1,0,0),(435,'2016-07-15','2016','7',5,'13:30',1330,'15:30',30,22,45,1,0,0),(436,'2016-07-18','2016','7',1,'13:30',1330,'15:30',30,22,45,1,0,0),(437,'2016-07-20','2016','7',3,'13:30',1330,'15:30',30,22,45,1,0,0),(438,'2016-07-22','2016','7',5,'13:30',1330,'15:30',30,22,45,1,0,0),(439,'2016-07-25','2016','7',1,'13:30',1330,'15:30',30,22,45,1,0,0),(440,'2016-07-27','2016','7',3,'13:30',1330,'15:30',30,22,45,1,0,0),(441,'2016-07-29','2016','7',5,'13:30',1330,'15:30',30,22,45,1,0,0),(442,'2016-08-01','2016','8',1,'13:30',1330,'15:30',30,22,45,1,0,0),(443,'2016-08-03','2016','8',3,'13:30',1330,'15:30',30,22,45,1,0,0),(444,'2016-08-05','2016','8',5,'13:30',1330,'15:30',30,22,45,1,0,0),(445,'2016-07-06','2016','7',3,'16:00',1600,'18:00',30,22,46,1,0,0),(446,'2016-07-08','2016','7',5,'16:00',1600,'18:00',30,22,46,1,0,0),(447,'2016-07-11','2016','7',1,'16:00',1600,'18:00',30,22,46,1,0,0),(448,'2016-07-13','2016','7',3,'16:00',1600,'18:00',30,22,46,1,0,0),(449,'2016-07-15','2016','7',5,'16:00',1600,'18:00',30,22,46,1,0,0),(450,'2016-07-18','2016','7',1,'16:00',1600,'18:00',30,22,46,1,0,0),(451,'2016-07-20','2016','7',3,'16:00',1600,'18:00',30,22,46,1,0,0),(452,'2016-07-22','2016','7',5,'16:00',1600,'18:00',30,22,46,1,0,0),(453,'2016-07-25','2016','7',1,'16:00',1600,'18:00',30,22,46,1,0,0),(454,'2016-07-27','2016','7',3,'16:00',1600,'18:00',30,22,46,1,0,0),(455,'2016-07-29','2016','7',5,'16:00',1600,'18:00',30,22,46,1,0,0),(456,'2016-08-01','2016','8',1,'16:00',1600,'18:00',30,22,46,1,0,0),(457,'2016-08-03','2016','8',3,'16:00',1600,'18:00',30,22,46,1,0,0),(458,'2016-08-05','2016','8',5,'16:00',1600,'18:00',30,22,46,1,0,0),(459,'2016-06-06','2016','6',1,'7:00',700,'7:30',30,21,47,1,1,0),(460,'2016-06-13','2016','6',1,'7:00',700,'7:30',30,21,47,1,1,0),(461,'2016-06-20','2016','6',1,'7:00',700,'7:30',30,21,47,1,1,0),(462,'2016-06-27','2016','6',1,'7:00',700,'7:30',30,21,47,1,1,0),(463,'2016-06-08','2016','6',3,'',0,'',32,22,48,1,1,0),(464,'2016-06-08','2016','6',3,'',0,'',32,22,48,1,1,0),(465,'2016-06-08','2016','6',3,'',0,'',32,22,48,1,1,0),(466,'2016-06-08','2016','6',3,'',0,'',32,22,48,1,1,0),(467,'2016-06-08','2016','6',3,'',0,'',32,22,48,1,1,0),(468,'2016-06-08','2016','6',3,'',0,'',32,22,48,1,1,0),(469,'2016-06-08','2016','6',3,'',0,'',32,22,48,1,1,0),(470,'2016-06-08','2016','6',3,'',0,'',32,22,48,1,1,0),(471,'2016-06-02','2016','6',4,'7:00',700,'8:00',32,22,49,1,0,1),(472,'2016-06-07','2016','6',2,'8:00',800,'9:00',32,22,49,1,0,0),(473,'2016-06-10','2016','6',5,'9:00',900,'10:00',31,21,49,1,0,0),(474,'2016-06-14','2016','6',2,'8:00',800,'9:00',32,22,49,1,0,0),(475,'2016-06-17','2016','6',5,'9:00',900,'10:00',31,21,49,1,0,0),(476,'2016-06-21','2016','6',2,'8:00',800,'9:00',32,22,49,1,0,0),(477,'2016-06-23','2016','6',4,'7:00',700,'8:00',32,22,49,1,0,0),(478,'2016-06-28','2016','6',2,'8:00',800,'9:00',32,22,49,1,0,0),(479,'2016-06-30','2016','6',4,'7:00',700,'8:00',32,22,49,1,0,1),(480,'2016-07-05','2016','7',2,'7:00',700,'8:00',32,22,49,1,0,0),(481,'2016-06-07','2016','6',2,'7:00',700,'9:00',32,22,52,1,0,0),(482,'2016-06-08','2016','6',3,'8:00',800,'10:00',32,22,52,1,0,0),(483,'2016-06-14','2016','6',2,'7:00',700,'9:00',32,22,52,1,0,0),(484,'2016-06-15','2016','6',3,'8:00',800,'10:00',32,22,52,1,0,0),(485,'2016-06-21','2016','6',2,'7:00',700,'9:00',32,22,52,1,0,0),(486,'2016-06-22','2016','6',3,'8:00',800,'10:00',32,22,52,1,0,0),(487,'2016-06-28','2016','6',2,'7:00',700,'9:00',32,22,52,1,0,0),(488,'2016-06-29','2016','6',3,'8:00',800,'10:00',32,22,52,1,0,0),(489,'2016-06-06','2016','6',1,'7:00',700,'9:00',32,22,53,1,0,0),(490,'2016-06-13','2016','6',1,'7:00',700,'9:00',32,22,53,1,0,0),(491,'2016-06-20','2016','6',1,'7:00',700,'9:00',32,22,53,1,0,0),(492,'2016-06-27','2016','6',1,'7:00',700,'9:00',32,22,53,1,0,0),(493,'2016-07-07','2016','7',4,'7:00',700,'9:00',32,21,53,1,0,0);

/*Table structure for table `classoa_class_detail_student_rela` */

DROP TABLE IF EXISTS `classoa_class_detail_student_rela`;

CREATE TABLE `classoa_class_detail_student_rela` (
  `id` int(10) NOT NULL AUTO_INCREMENT,
  `class_detail_id` int(10) NOT NULL,
  `class_id` int(10) NOT NULL,
  `student_id` int(10) NOT NULL,
  `tuition_per_class` int(10) DEFAULT NULL COMMENT '学费（1课/1人），精确到分',
  `is_absent` int(1) DEFAULT '0' COMMENT '0：上课 1：缺勤',
  `inst_id` int(10) NOT NULL,
  `status` int(1) NOT NULL DEFAULT '0',
  PRIMARY KEY (`id`)
) ENGINE=InnoDB AUTO_INCREMENT=2594 DEFAULT CHARSET=utf8 COLLATE=utf8_unicode_ci;

/*Data for the table `classoa_class_detail_student_rela` */

insert  into `classoa_class_detail_student_rela`(`id`,`class_detail_id`,`class_id`,`student_id`,`tuition_per_class`,`is_absent`,`inst_id`,`status`) values (253,44,21,18,1000,0,1,1),(254,44,21,17,1000,0,1,1),(255,44,21,16,1000,0,1,1),(256,44,21,9,1000,0,1,1),(257,44,21,8,1000,0,1,1),(258,45,21,18,1000,0,1,1),(259,45,21,17,1000,0,1,1),(260,45,21,16,1000,0,1,1),(261,45,21,9,1000,0,1,1),(262,45,21,8,1000,0,1,1),(263,46,21,18,1000,0,1,1),(264,46,21,17,1000,0,1,1),(265,46,21,16,1000,0,1,1),(266,46,21,9,1000,0,1,1),(267,46,21,8,1000,0,1,1),(268,47,21,18,1000,0,1,1),(269,47,21,17,1000,0,1,1),(270,47,21,16,1000,0,1,1),(271,47,21,9,1000,0,1,1),(272,47,21,8,1000,0,1,1),(273,48,21,18,1000,0,1,1),(274,48,21,17,1000,0,1,1),(275,48,21,16,1000,0,1,1),(276,48,21,9,1000,0,1,1),(277,48,21,8,1000,0,1,1),(278,49,21,18,1000,0,1,1),(279,49,21,17,1000,1,1,1),(280,49,21,16,1000,0,1,1),(281,49,21,9,1000,0,1,1),(282,49,21,8,1000,0,1,1),(283,50,21,18,1000,0,1,1),(284,50,21,17,1000,0,1,1),(285,50,21,16,1000,0,1,1),(286,50,21,9,1000,0,1,1),(287,50,21,8,1000,0,1,1),(288,51,21,18,1000,0,1,1),(289,51,21,17,1000,0,1,1),(290,51,21,16,1000,0,1,1),(291,51,21,9,1000,0,1,1),(292,51,21,8,1000,0,1,1),(293,52,21,18,1000,0,1,1),(294,52,21,17,1000,0,1,1),(295,52,21,16,1000,0,1,1),(296,52,21,9,1000,0,1,1),(297,52,21,8,1000,0,1,1),(298,53,21,18,1000,0,1,1),(299,53,21,17,1000,0,1,1),(300,53,21,16,1000,0,1,1),(301,53,21,9,1000,0,1,1),(302,53,21,8,1000,0,1,1),(303,54,21,18,1000,0,1,1),(304,54,21,17,1000,0,1,1),(305,54,21,16,1000,0,1,1),(306,54,21,9,1000,0,1,1),(307,54,21,8,1000,0,1,1),(308,55,21,18,1000,0,1,1),(309,55,21,17,1000,0,1,1),(310,55,21,16,1000,0,1,1),(311,55,21,9,1000,0,1,1),(312,55,21,8,1000,0,1,1),(313,56,21,18,1000,0,1,1),(314,56,21,17,1000,0,1,1),(315,56,21,16,1000,0,1,1),(316,56,21,9,1000,0,1,1),(317,56,21,8,1000,0,1,1),(318,57,21,18,1000,0,1,1),(319,57,21,17,1000,0,1,1),(320,57,21,16,1000,0,1,1),(321,57,21,9,1000,0,1,1),(322,57,21,8,1000,0,1,1),(323,58,21,18,1000,0,1,1),(324,58,21,17,1000,0,1,1),(325,58,21,16,1000,0,1,1),(326,58,21,9,1000,0,1,1),(327,58,21,8,1000,0,1,1),(328,59,21,18,1000,0,1,1),(329,59,21,17,1000,0,1,1),(330,59,21,16,1000,0,1,1),(331,59,21,9,1000,0,1,1),(332,59,21,8,1000,0,1,1),(333,60,21,18,1000,0,1,1),(334,60,21,17,1000,0,1,1),(335,60,21,16,1000,0,1,1),(336,60,21,9,1000,0,1,1),(337,60,21,8,1000,0,1,1),(338,61,21,18,1000,0,1,1),(339,61,21,17,1000,0,1,1),(340,61,21,16,1000,0,1,1),(341,61,21,9,1000,0,1,1),(342,61,21,8,1000,0,1,1),(343,62,21,18,1000,0,1,1),(344,62,21,17,1000,0,1,1),(345,62,21,16,1000,0,1,1),(346,62,21,9,1000,0,1,1),(347,62,21,8,1000,0,1,1),(348,63,21,18,1000,0,1,1),(349,63,21,17,1000,0,1,1),(350,63,21,16,1000,0,1,1),(351,63,21,9,1000,0,1,1),(352,63,21,8,1000,0,1,1),(353,64,21,18,1000,0,1,1),(354,64,21,17,1000,0,1,1),(355,64,21,16,1000,0,1,1),(356,64,21,9,1000,0,1,1),(357,64,21,8,1000,0,1,1),(358,65,21,18,1000,0,1,1),(359,65,21,17,1000,0,1,1),(360,65,21,16,1000,0,1,1),(361,65,21,9,1000,0,1,1),(362,65,21,8,1000,0,1,1),(363,66,21,18,1000,0,1,1),(364,66,21,17,1000,0,1,1),(365,66,21,16,1000,0,1,1),(366,66,21,9,1000,0,1,1),(367,66,21,8,1000,0,1,1),(368,67,21,18,1000,0,1,1),(369,67,21,17,1000,0,1,1),(370,67,21,16,1000,0,1,1),(371,67,21,9,1000,0,1,1),(372,67,21,8,1000,0,1,1),(373,68,21,18,1000,0,1,1),(374,68,21,17,1000,0,1,1),(375,68,21,16,1000,0,1,1),(376,68,21,9,1000,0,1,1),(377,68,21,8,1000,0,1,1),(378,69,21,18,1000,0,1,1),(379,69,21,17,1000,0,1,1),(380,69,21,16,1000,0,1,1),(381,69,21,9,1000,0,1,1),(382,69,21,8,1000,0,1,1),(383,70,21,18,1000,0,1,1),(384,70,21,17,1000,0,1,1),(385,70,21,16,1000,0,1,1),(386,70,21,9,1000,0,1,1),(387,70,21,8,1000,0,1,1),(388,71,21,18,1000,0,1,1),(389,71,21,17,1000,0,1,1),(390,71,21,16,1000,0,1,1),(391,71,21,9,1000,0,1,1),(392,71,21,8,1000,0,1,1),(393,72,21,18,1000,0,1,1),(394,72,21,17,1000,0,1,1),(395,72,21,16,1000,0,1,1),(396,72,21,9,1000,0,1,1),(397,72,21,8,1000,0,1,1),(398,73,21,18,1000,0,1,1),(399,73,21,17,1000,0,1,1),(400,73,21,16,1000,0,1,1),(401,73,21,9,1000,0,1,1),(402,73,21,8,1000,0,1,1),(403,74,21,18,1000,0,1,1),(404,74,21,17,1000,0,1,1),(405,74,21,16,1000,0,1,1),(406,74,21,9,1000,0,1,1),(407,74,21,8,1000,0,1,1),(408,75,21,18,1000,0,1,1),(409,75,21,17,1000,0,1,1),(410,75,21,16,1000,0,1,1),(411,75,21,9,1000,0,1,1),(412,75,21,8,1000,0,1,1),(413,76,21,18,1000,0,1,1),(414,76,21,17,1000,0,1,1),(415,76,21,16,1000,0,1,1),(416,76,21,9,1000,0,1,1),(417,76,21,8,1000,0,1,1),(418,77,21,18,1000,0,1,1),(419,77,21,17,1000,0,1,1),(420,77,21,16,1000,0,1,1),(421,77,21,9,1000,0,1,1),(422,77,21,8,1000,0,1,1),(423,78,21,18,1000,0,1,1),(424,78,21,17,1000,0,1,1),(425,78,21,16,1000,0,1,1),(426,78,21,9,1000,0,1,1),(427,78,21,8,1000,0,1,1),(428,79,21,18,1000,0,1,1),(429,79,21,17,1000,0,1,1),(430,79,21,16,1000,0,1,1),(431,79,21,9,1000,0,1,1),(432,79,21,8,1000,0,1,1),(433,80,21,18,1000,0,1,1),(434,80,21,17,1000,0,1,1),(435,80,21,16,1000,0,1,1),(436,80,21,9,1000,0,1,1),(437,80,21,8,1000,0,1,1),(438,81,21,18,1000,0,1,1),(439,81,21,17,1000,0,1,1),(440,81,21,16,1000,0,1,1),(441,81,21,9,1000,0,1,1),(442,81,21,8,1000,0,1,1),(443,82,22,18,1000,0,1,1),(444,82,22,17,1000,0,1,1),(445,82,22,16,1000,0,1,1),(446,82,22,15,1000,0,1,1),(447,82,22,14,1000,0,1,1),(448,82,22,9,1000,0,1,1),(449,82,22,8,1000,0,1,1),(450,82,22,7,1000,0,1,1),(451,82,22,6,1000,0,1,1),(452,82,22,5,1000,0,1,1),(453,83,22,18,1000,0,1,1),(454,83,22,17,1000,0,1,1),(455,83,22,16,1000,0,1,1),(456,83,22,15,1000,0,1,1),(457,83,22,14,1000,0,1,1),(458,83,22,9,1000,0,1,1),(459,83,22,8,1000,0,1,1),(460,83,22,7,1000,0,1,1),(461,83,22,6,1000,0,1,1),(462,83,22,5,1000,0,1,1),(463,84,22,18,1000,0,1,1),(464,84,22,17,1000,0,1,1),(465,84,22,16,1000,0,1,1),(466,84,22,15,1000,0,1,1),(467,84,22,14,1000,0,1,1),(468,84,22,9,1000,0,1,1),(469,84,22,8,1000,0,1,1),(470,84,22,7,1000,0,1,1),(471,84,22,6,1000,0,1,1),(472,84,22,5,1000,0,1,1),(473,85,22,18,1000,0,1,1),(474,85,22,17,1000,0,1,1),(475,85,22,16,1000,0,1,1),(476,85,22,15,1000,0,1,1),(477,85,22,14,1000,0,1,1),(478,85,22,9,1000,0,1,1),(479,85,22,8,1000,0,1,1),(480,85,22,7,1000,0,1,1),(481,85,22,6,1000,0,1,1),(482,85,22,5,1000,0,1,1),(483,86,22,18,1000,0,1,1),(484,86,22,17,1000,0,1,1),(485,86,22,16,1000,0,1,1),(486,86,22,15,1000,0,1,1),(487,86,22,14,1000,0,1,1),(488,86,22,9,1000,0,1,1),(489,86,22,8,1000,0,1,1),(490,86,22,7,1000,0,1,1),(491,86,22,6,1000,0,1,1),(492,86,22,5,1000,0,1,1),(493,87,22,18,1000,0,1,1),(494,87,22,17,1000,0,1,1),(495,87,22,16,1000,0,1,1),(496,87,22,15,1000,0,1,1),(497,87,22,14,1000,0,1,1),(498,87,22,9,1000,0,1,1),(499,87,22,8,1000,0,1,1),(500,87,22,7,1000,0,1,1),(501,87,22,6,1000,0,1,1),(502,87,22,5,1000,0,1,1),(503,88,22,18,1000,0,1,1),(504,88,22,17,1000,0,1,1),(505,88,22,16,1000,0,1,1),(506,88,22,15,1000,0,1,1),(507,88,22,14,1000,0,1,1),(508,88,22,9,1000,0,1,1),(509,88,22,8,1000,0,1,1),(510,88,22,7,1000,0,1,1),(511,88,22,6,1000,0,1,1),(512,88,22,5,1000,0,1,1),(513,89,22,18,1000,0,1,1),(514,89,22,17,1000,0,1,1),(515,89,22,16,1000,0,1,1),(516,89,22,15,1000,0,1,1),(517,89,22,14,1000,0,1,1),(518,89,22,9,1000,0,1,1),(519,89,22,8,1000,0,1,1),(520,89,22,7,1000,0,1,1),(521,89,22,6,1000,0,1,1),(522,89,22,5,1000,0,1,1),(523,90,22,18,1000,0,1,1),(524,90,22,17,1000,0,1,1),(525,90,22,16,1000,0,1,1),(526,90,22,15,1000,0,1,1),(527,90,22,14,1000,0,1,1),(528,90,22,9,1000,0,1,1),(529,90,22,8,1000,0,1,1),(530,90,22,7,1000,0,1,1),(531,90,22,6,1000,0,1,1),(532,90,22,5,1000,0,1,1),(533,91,22,18,1000,0,1,1),(534,91,22,17,1000,0,1,1),(535,91,22,16,1000,0,1,1),(536,91,22,15,1000,0,1,1),(537,91,22,14,1000,0,1,1),(538,91,22,9,1000,0,1,1),(539,91,22,8,1000,0,1,1),(540,91,22,7,1000,0,1,1),(541,91,22,6,1000,0,1,1),(542,91,22,5,1000,0,1,1),(543,92,22,18,1000,0,1,1),(544,92,22,17,1000,0,1,1),(545,92,22,16,1000,0,1,1),(546,92,22,15,1000,0,1,1),(547,92,22,14,1000,0,1,1),(548,92,22,9,1000,0,1,1),(549,92,22,8,1000,0,1,1),(550,92,22,7,1000,0,1,1),(551,92,22,6,1000,0,1,1),(552,92,22,5,1000,0,1,1),(553,93,22,18,1000,0,1,1),(554,93,22,17,1000,0,1,1),(555,93,22,16,1000,0,1,1),(556,93,22,15,1000,0,1,1),(557,93,22,14,1000,0,1,1),(558,93,22,9,1000,0,1,1),(559,93,22,8,1000,0,1,1),(560,93,22,7,1000,0,1,1),(561,93,22,6,1000,0,1,1),(562,93,22,5,1000,0,1,1),(563,94,22,18,1000,0,1,1),(564,94,22,17,1000,0,1,1),(565,94,22,16,1000,0,1,1),(566,94,22,15,1000,0,1,1),(567,94,22,14,1000,0,1,1),(568,94,22,9,1000,0,1,1),(569,94,22,8,1000,0,1,1),(570,94,22,7,1000,0,1,1),(571,94,22,6,1000,0,1,1),(572,94,22,5,1000,0,1,1),(573,95,22,18,1000,0,1,1),(574,95,22,17,1000,0,1,1),(575,95,22,16,1000,0,1,1),(576,95,22,15,1000,0,1,1),(577,95,22,14,1000,0,1,1),(578,95,22,9,1000,0,1,1),(579,95,22,8,1000,0,1,1),(580,95,22,7,1000,0,1,1),(581,95,22,6,1000,0,1,1),(582,95,22,5,1000,0,1,1),(583,96,22,18,1000,0,1,1),(584,96,22,17,1000,0,1,1),(585,96,22,16,1000,0,1,1),(586,96,22,15,1000,0,1,1),(587,96,22,14,1000,0,1,1),(588,96,22,9,1000,0,1,1),(589,96,22,8,1000,0,1,1),(590,96,22,7,1000,0,1,1),(591,96,22,6,1000,0,1,1),(592,96,22,5,1000,0,1,1),(593,97,22,18,1000,0,1,1),(594,97,22,17,1000,0,1,1),(595,97,22,16,1000,0,1,1),(596,97,22,15,1000,0,1,1),(597,97,22,14,1000,0,1,1),(598,97,22,9,1000,0,1,1),(599,97,22,8,1000,0,1,1),(600,97,22,7,1000,0,1,1),(601,97,22,6,1000,0,1,1),(602,97,22,5,1000,0,1,1),(603,98,22,18,1000,0,1,1),(604,98,22,17,1000,0,1,1),(605,98,22,16,1000,0,1,1),(606,98,22,15,1000,0,1,1),(607,98,22,14,1000,0,1,1),(608,98,22,9,1000,0,1,1),(609,98,22,8,1000,0,1,1),(610,98,22,7,1000,0,1,1),(611,98,22,6,1000,0,1,1),(612,98,22,5,1000,0,1,1),(613,99,22,18,1000,0,1,1),(614,99,22,17,1000,0,1,1),(615,99,22,16,1000,0,1,1),(616,99,22,15,1000,0,1,1),(617,99,22,14,1000,0,1,1),(618,99,22,9,1000,0,1,1),(619,99,22,8,1000,0,1,1),(620,99,22,7,1000,0,1,1),(621,99,22,6,1000,0,1,1),(622,99,22,5,1000,0,1,1),(623,100,22,18,1000,0,1,1),(624,100,22,17,1000,0,1,1),(625,100,22,16,1000,0,1,1),(626,100,22,15,1000,0,1,1),(627,100,22,14,1000,0,1,1),(628,100,22,9,1000,0,1,1),(629,100,22,8,1000,0,1,1),(630,100,22,7,1000,0,1,1),(631,100,22,6,1000,0,1,1),(632,100,22,5,1000,0,1,1),(633,101,22,18,1000,0,1,1),(634,101,22,17,1000,0,1,1),(635,101,22,16,1000,0,1,1),(636,101,22,15,1000,0,1,1),(637,101,22,14,1000,0,1,1),(638,101,22,9,1000,0,1,1),(639,101,22,8,1000,0,1,1),(640,101,22,7,1000,0,1,1),(641,101,22,6,1000,0,1,1),(642,101,22,5,1000,0,1,1),(643,102,22,18,1000,0,1,1),(644,102,22,17,1000,0,1,1),(645,102,22,16,1000,0,1,1),(646,102,22,15,1000,0,1,1),(647,102,22,14,1000,0,1,1),(648,102,22,9,1000,0,1,1),(649,102,22,8,1000,0,1,1),(650,102,22,7,1000,0,1,1),(651,102,22,6,1000,0,1,1),(652,102,22,5,1000,0,1,1),(653,103,22,18,1000,0,1,1),(654,103,22,17,1000,0,1,1),(655,103,22,16,1000,0,1,1),(656,103,22,15,1000,0,1,1),(657,103,22,14,1000,0,1,1),(658,103,22,9,1000,0,1,1),(659,103,22,8,1000,0,1,1),(660,103,22,7,1000,0,1,1),(661,103,22,6,1000,0,1,1),(662,103,22,5,1000,0,1,1),(663,104,22,18,1000,0,1,1),(664,104,22,17,1000,0,1,1),(665,104,22,16,1000,0,1,1),(666,104,22,15,1000,0,1,1),(667,104,22,14,1000,0,1,1),(668,104,22,9,1000,0,1,1),(669,104,22,8,1000,0,1,1),(670,104,22,7,1000,0,1,1),(671,104,22,6,1000,0,1,1),(672,104,22,5,1000,0,1,1),(673,105,22,18,1000,0,1,1),(674,105,22,17,1000,0,1,1),(675,105,22,16,1000,0,1,1),(676,105,22,15,1000,0,1,1),(677,105,22,14,1000,0,1,1),(678,105,22,9,1000,0,1,1),(679,105,22,8,1000,0,1,1),(680,105,22,7,1000,0,1,1),(681,105,22,6,1000,0,1,1),(682,105,22,5,1000,0,1,1),(683,106,22,18,1000,0,1,1),(684,106,22,17,1000,0,1,1),(685,106,22,16,1000,0,1,1),(686,106,22,15,1000,0,1,1),(687,106,22,14,1000,0,1,1),(688,106,22,9,1000,0,1,1),(689,106,22,8,1000,0,1,1),(690,106,22,7,1000,0,1,1),(691,106,22,6,1000,0,1,1),(692,106,22,5,1000,0,1,1),(693,107,22,18,1000,0,1,1),(694,107,22,17,1000,0,1,1),(695,107,22,16,1000,0,1,1),(696,107,22,15,1000,0,1,1),(697,107,22,14,1000,0,1,1),(698,107,22,9,1000,0,1,1),(699,107,22,8,1000,0,1,1),(700,107,22,7,1000,0,1,1),(701,107,22,6,1000,0,1,1),(702,107,22,5,1000,0,1,1),(703,108,22,18,1000,0,1,1),(704,108,22,17,1000,0,1,1),(705,108,22,16,1000,0,1,1),(706,108,22,15,1000,0,1,1),(707,108,22,14,1000,0,1,1),(708,108,22,9,1000,0,1,1),(709,108,22,8,1000,0,1,1),(710,108,22,7,1000,0,1,1),(711,108,22,6,1000,0,1,1),(712,108,22,5,1000,0,1,1),(713,109,22,18,1000,0,1,1),(714,109,22,17,1000,0,1,1),(715,109,22,16,1000,0,1,1),(716,109,22,15,1000,0,1,1),(717,109,22,14,1000,0,1,1),(718,109,22,9,1000,0,1,1),(719,109,22,8,1000,0,1,1),(720,109,22,7,1000,0,1,1),(721,109,22,6,1000,0,1,1),(722,109,22,5,1000,0,1,1),(723,110,22,18,1000,0,1,1),(724,110,22,17,1000,0,1,1),(725,110,22,16,1000,0,1,1),(726,110,22,15,1000,0,1,1),(727,110,22,14,1000,0,1,1),(728,110,22,9,1000,0,1,1),(729,110,22,8,1000,0,1,1),(730,110,22,7,1000,0,1,1),(731,110,22,6,1000,0,1,1),(732,110,22,5,1000,0,1,1),(733,111,22,18,1000,0,1,1),(734,111,22,17,1000,0,1,1),(735,111,22,16,1000,0,1,1),(736,111,22,15,1000,0,1,1),(737,111,22,14,1000,0,1,1),(738,111,22,9,1000,0,1,1),(739,111,22,8,1000,0,1,1),(740,111,22,7,1000,0,1,1),(741,111,22,6,1000,0,1,1),(742,111,22,5,1000,0,1,1),(743,112,22,18,1000,0,1,1),(744,112,22,17,1000,0,1,1),(745,112,22,16,1000,0,1,1),(746,112,22,15,1000,0,1,1),(747,112,22,14,1000,0,1,1),(748,112,22,9,1000,0,1,1),(749,112,22,8,1000,0,1,1),(750,112,22,7,1000,0,1,1),(751,112,22,6,1000,0,1,1),(752,112,22,5,1000,0,1,1),(753,113,22,18,1000,0,1,1),(754,113,22,17,1000,0,1,1),(755,113,22,16,1000,0,1,1),(756,113,22,15,1000,0,1,1),(757,113,22,14,1000,0,1,1),(758,113,22,9,1000,0,1,1),(759,113,22,8,1000,0,1,1),(760,113,22,7,1000,0,1,1),(761,113,22,6,1000,0,1,1),(762,113,22,5,1000,0,1,1),(763,114,22,18,1000,0,1,1),(764,114,22,17,1000,0,1,1),(765,114,22,16,1000,0,1,1),(766,114,22,15,1000,0,1,1),(767,114,22,14,1000,0,1,1),(768,114,22,9,1000,0,1,1),(769,114,22,8,1000,0,1,1),(770,114,22,7,1000,0,1,1),(771,114,22,6,1000,0,1,1),(772,114,22,5,1000,0,1,1),(773,115,22,18,1000,0,1,1),(774,115,22,17,1000,0,1,1),(775,115,22,16,1000,0,1,1),(776,115,22,15,1000,0,1,1),(777,115,22,14,1000,0,1,1),(778,115,22,9,1000,0,1,1),(779,115,22,8,1000,0,1,1),(780,115,22,7,1000,0,1,1),(781,115,22,6,1000,0,1,1),(782,115,22,5,1000,0,1,1),(783,116,22,18,1000,0,1,1),(784,116,22,17,1000,0,1,1),(785,116,22,16,1000,0,1,1),(786,116,22,15,1000,0,1,1),(787,116,22,14,1000,0,1,1),(788,116,22,9,1000,0,1,1),(789,116,22,8,1000,0,1,1),(790,116,22,7,1000,0,1,1),(791,116,22,6,1000,0,1,1),(792,116,22,5,1000,0,1,1),(793,117,22,18,1000,0,1,1),(794,117,22,17,1000,0,1,1),(795,117,22,16,1000,0,1,1),(796,117,22,15,1000,0,1,1),(797,117,22,14,1000,0,1,1),(798,117,22,9,1000,0,1,1),(799,117,22,8,1000,0,1,1),(800,117,22,7,1000,0,1,1),(801,117,22,6,1000,0,1,1),(802,117,22,5,1000,0,1,1),(803,118,22,18,1000,0,1,1),(804,118,22,17,1000,0,1,1),(805,118,22,16,1000,0,1,1),(806,118,22,15,1000,0,1,1),(807,118,22,14,1000,0,1,1),(808,118,22,9,1000,0,1,1),(809,118,22,8,1000,0,1,1),(810,118,22,7,1000,0,1,1),(811,118,22,6,1000,0,1,1),(812,118,22,5,1000,0,1,1),(813,119,22,18,1000,0,1,1),(814,119,22,17,1000,0,1,1),(815,119,22,16,1000,0,1,1),(816,119,22,15,1000,0,1,1),(817,119,22,14,1000,0,1,1),(818,119,22,9,1000,0,1,1),(819,119,22,8,1000,0,1,1),(820,119,22,7,1000,0,1,1),(821,119,22,6,1000,0,1,1),(822,119,22,5,1000,0,1,1),(823,120,22,18,1000,0,1,1),(824,120,22,17,1000,0,1,1),(825,120,22,16,1000,0,1,1),(826,120,22,15,1000,0,1,1),(827,120,22,14,1000,0,1,1),(828,120,22,9,1000,0,1,1),(829,120,22,8,1000,0,1,1),(830,120,22,7,1000,0,1,1),(831,120,22,6,1000,0,1,1),(832,120,22,5,1000,0,1,1),(833,121,22,18,1000,0,1,1),(834,121,22,17,1000,0,1,1),(835,121,22,16,1000,0,1,1),(836,121,22,15,1000,0,1,1),(837,121,22,14,1000,0,1,1),(838,121,22,9,1000,0,1,1),(839,121,22,8,1000,0,1,1),(840,121,22,7,1000,0,1,1),(841,121,22,6,1000,0,1,1),(842,121,22,5,1000,0,1,1),(843,122,22,18,1000,0,1,1),(844,122,22,17,1000,0,1,1),(845,122,22,16,1000,0,1,1),(846,122,22,15,1000,0,1,1),(847,122,22,14,1000,0,1,1),(848,122,22,9,1000,0,1,1),(849,122,22,8,1000,0,1,1),(850,122,22,7,1000,0,1,1),(851,122,22,6,1000,0,1,1),(852,122,22,5,1000,0,1,1),(853,123,22,18,1000,0,1,1),(854,123,22,17,1000,0,1,1),(855,123,22,16,1000,0,1,1),(856,123,22,15,1000,0,1,1),(857,123,22,14,1000,0,1,1),(858,123,22,9,1000,0,1,1),(859,123,22,8,1000,0,1,1),(860,123,22,7,1000,0,1,1),(861,123,22,6,1000,0,1,1),(862,123,22,5,1000,0,1,1),(863,124,22,18,1000,0,1,1),(864,124,22,17,1000,0,1,1),(865,124,22,16,1000,0,1,1),(866,124,22,15,1000,0,1,1),(867,124,22,14,1000,0,1,1),(868,124,22,9,1000,0,1,1),(869,124,22,8,1000,0,1,1),(870,124,22,7,1000,0,1,1),(871,124,22,6,1000,0,1,1),(872,124,22,5,1000,0,1,1),(873,125,22,18,1000,0,1,1),(874,125,22,17,1000,0,1,1),(875,125,22,16,1000,0,1,1),(876,125,22,15,1000,0,1,1),(877,125,22,14,1000,0,1,1),(878,125,22,9,1000,0,1,1),(879,125,22,8,1000,0,1,1),(880,125,22,7,1000,0,1,1),(881,125,22,6,1000,0,1,1),(882,125,22,5,1000,0,1,1),(883,126,22,18,1000,0,1,1),(884,126,22,17,1000,0,1,1),(885,126,22,16,1000,0,1,1),(886,126,22,15,1000,0,1,1),(887,126,22,14,1000,0,1,1),(888,126,22,9,1000,0,1,1),(889,126,22,8,1000,0,1,1),(890,126,22,7,1000,0,1,1),(891,126,22,6,1000,0,1,1),(892,126,22,5,1000,0,1,1),(893,127,22,18,1000,0,1,1),(894,127,22,17,1000,0,1,1),(895,127,22,16,1000,0,1,1),(896,127,22,15,1000,0,1,1),(897,127,22,14,1000,0,1,1),(898,127,22,9,1000,0,1,1),(899,127,22,8,1000,0,1,1),(900,127,22,7,1000,0,1,1),(901,127,22,6,1000,0,1,1),(902,127,22,5,1000,0,1,1),(903,128,22,18,1000,0,1,1),(904,128,22,17,1000,0,1,1),(905,128,22,16,1000,0,1,1),(906,128,22,15,1000,0,1,1),(907,128,22,14,1000,0,1,1),(908,128,22,9,1000,0,1,1),(909,128,22,8,1000,0,1,1),(910,128,22,7,1000,0,1,1),(911,128,22,6,1000,0,1,1),(912,128,22,5,1000,0,1,1),(913,129,22,18,1000,0,1,1),(914,129,22,17,1000,0,1,1),(915,129,22,16,1000,0,1,1),(916,129,22,15,1000,0,1,1),(917,129,22,14,1000,0,1,1),(918,129,22,9,1000,0,1,1),(919,129,22,8,1000,0,1,1),(920,129,22,7,1000,0,1,1),(921,129,22,6,1000,0,1,1),(922,129,22,5,1000,0,1,1),(923,130,22,18,1000,0,1,1),(924,130,22,17,1000,0,1,1),(925,130,22,16,1000,0,1,1),(926,130,22,15,1000,0,1,1),(927,130,22,14,1000,0,1,1),(928,130,22,9,1000,0,1,1),(929,130,22,8,1000,0,1,1),(930,130,22,7,1000,0,1,1),(931,130,22,6,1000,0,1,1),(932,130,22,5,1000,0,1,1),(933,131,22,18,1000,0,1,1),(934,131,22,17,1000,0,1,1),(935,131,22,16,1000,0,1,1),(936,131,22,15,1000,0,1,1),(937,131,22,14,1000,0,1,1),(938,131,22,9,1000,0,1,1),(939,131,22,8,1000,0,1,1),(940,131,22,7,1000,0,1,1),(941,131,22,6,1000,0,1,1),(942,131,22,5,1000,0,1,1),(943,132,22,18,1000,0,1,1),(944,132,22,17,1000,0,1,1),(945,132,22,16,1000,0,1,1),(946,132,22,15,1000,0,1,1),(947,132,22,14,1000,0,1,1),(948,132,22,9,1000,0,1,1),(949,132,22,8,1000,0,1,1),(950,132,22,7,1000,0,1,1),(951,132,22,6,1000,0,1,1),(952,132,22,5,1000,0,1,1),(953,133,22,18,1000,0,1,1),(954,133,22,17,1000,0,1,1),(955,133,22,16,1000,0,1,1),(956,133,22,15,1000,0,1,1),(957,133,22,14,1000,0,1,1),(958,133,22,9,1000,0,1,1),(959,133,22,8,1000,0,1,1),(960,133,22,7,1000,0,1,1),(961,133,22,6,1000,0,1,1),(962,133,22,5,1000,0,1,1),(963,134,22,18,1000,0,1,1),(964,134,22,17,1000,0,1,1),(965,134,22,16,1000,0,1,1),(966,134,22,15,1000,0,1,1),(967,134,22,14,1000,0,1,1),(968,134,22,9,1000,0,1,1),(969,134,22,8,1000,0,1,1),(970,134,22,7,1000,0,1,1),(971,134,22,6,1000,0,1,1),(972,134,22,5,1000,0,1,1),(973,135,22,18,1000,0,1,1),(974,135,22,17,1000,0,1,1),(975,135,22,16,1000,0,1,1),(976,135,22,15,1000,0,1,1),(977,135,22,14,1000,0,1,1),(978,135,22,9,1000,0,1,1),(979,135,22,8,1000,0,1,1),(980,135,22,7,1000,0,1,1),(981,135,22,6,1000,0,1,1),(982,135,22,5,1000,0,1,1),(983,136,22,18,1000,0,1,1),(984,136,22,17,1000,0,1,1),(985,136,22,16,1000,0,1,1),(986,136,22,15,1000,0,1,1),(987,136,22,14,1000,0,1,1),(988,136,22,9,1000,0,1,1),(989,136,22,8,1000,0,1,1),(990,136,22,7,1000,0,1,1),(991,136,22,6,1000,0,1,1),(992,136,22,5,1000,0,1,1),(993,137,22,18,1000,0,1,1),(994,137,22,17,1000,0,1,1),(995,137,22,16,1000,0,1,1),(996,137,22,15,1000,0,1,1),(997,137,22,14,1000,0,1,1),(998,137,22,9,1000,0,1,1),(999,137,22,8,1000,0,1,1),(1000,137,22,7,1000,0,1,1),(1001,137,22,6,1000,0,1,1),(1002,137,22,5,1000,0,1,1),(1003,138,22,18,1000,0,1,1),(1004,138,22,17,1000,0,1,1),(1005,138,22,16,1000,0,1,1),(1006,138,22,15,1000,0,1,1),(1007,138,22,14,1000,0,1,1),(1008,138,22,9,1000,0,1,1),(1009,138,22,8,1000,0,1,1),(1010,138,22,7,1000,0,1,1),(1011,138,22,6,1000,0,1,1),(1012,138,22,5,1000,0,1,1),(1013,139,22,18,1000,0,1,1),(1014,139,22,17,1000,0,1,1),(1015,139,22,16,1000,0,1,1),(1016,139,22,15,1000,0,1,1),(1017,139,22,14,1000,0,1,1),(1018,139,22,9,1000,0,1,1),(1019,139,22,8,1000,0,1,1),(1020,139,22,7,1000,0,1,1),(1021,139,22,6,1000,0,1,1),(1022,139,22,5,1000,0,1,1),(1023,140,22,18,1000,0,1,1),(1024,140,22,17,1000,0,1,1),(1025,140,22,16,1000,0,1,1),(1026,140,22,15,1000,0,1,1),(1027,140,22,14,1000,0,1,1),(1028,140,22,9,1000,0,1,1),(1029,140,22,8,1000,0,1,1),(1030,140,22,7,1000,0,1,1),(1031,140,22,6,1000,0,1,1),(1032,140,22,5,1000,0,1,1),(1033,141,22,18,1000,0,1,1),(1034,141,22,17,1000,0,1,1),(1035,141,22,16,1000,0,1,1),(1036,141,22,15,1000,0,1,1),(1037,141,22,14,1000,0,1,1),(1038,141,22,9,1000,0,1,1),(1039,141,22,8,1000,0,1,1),(1040,141,22,7,1000,0,1,1),(1041,141,22,6,1000,0,1,1),(1042,141,22,5,1000,0,1,1),(1043,142,22,18,1000,0,1,1),(1044,142,22,17,1000,0,1,1),(1045,142,22,16,1000,0,1,1),(1046,142,22,15,1000,0,1,1),(1047,142,22,14,1000,0,1,1),(1048,142,22,9,1000,0,1,1),(1049,142,22,8,1000,0,1,1),(1050,142,22,7,1000,0,1,1),(1051,142,22,6,1000,0,1,1),(1052,142,22,5,1000,0,1,1),(1053,143,22,18,1000,0,1,1),(1054,143,22,17,1000,0,1,1),(1055,143,22,16,1000,0,1,1),(1056,143,22,15,1000,0,1,1),(1057,143,22,14,1000,0,1,1),(1058,143,22,9,1000,0,1,1),(1059,143,22,8,1000,0,1,1),(1060,143,22,7,1000,0,1,1),(1061,143,22,6,1000,0,1,1),(1062,143,22,5,1000,0,1,1),(1063,144,22,18,1000,0,1,1),(1064,144,22,17,1000,0,1,1),(1065,144,22,16,1000,0,1,1),(1066,144,22,15,1000,0,1,1),(1067,144,22,14,1000,0,1,1),(1068,144,22,9,1000,0,1,1),(1069,144,22,8,1000,0,1,1),(1070,144,22,7,1000,0,1,1),(1071,144,22,6,1000,0,1,1),(1072,144,22,5,1000,0,1,1),(1073,145,22,18,1000,0,1,1),(1074,145,22,17,1000,0,1,1),(1075,145,22,16,1000,0,1,1),(1076,145,22,15,1000,0,1,1),(1077,145,22,14,1000,0,1,1),(1078,145,22,9,1000,0,1,1),(1079,145,22,8,1000,0,1,1),(1080,145,22,7,1000,0,1,1),(1081,145,22,6,1000,0,1,1),(1082,145,22,5,1000,0,1,1),(1083,146,22,18,1000,0,1,1),(1084,146,22,17,1000,0,1,1),(1085,146,22,16,1000,0,1,1),(1086,146,22,15,1000,0,1,1),(1087,146,22,14,1000,0,1,1),(1088,146,22,9,1000,0,1,1),(1089,146,22,8,1000,0,1,1),(1090,146,22,7,1000,0,1,1),(1091,146,22,6,1000,0,1,1),(1092,146,22,5,1000,0,1,1),(1093,147,22,18,1000,0,1,1),(1094,147,22,17,1000,0,1,1),(1095,147,22,16,1000,0,1,1),(1096,147,22,15,1000,0,1,1),(1097,147,22,14,1000,0,1,1),(1098,147,22,9,1000,0,1,1),(1099,147,22,8,1000,0,1,1),(1100,147,22,7,1000,0,1,1),(1101,147,22,6,1000,0,1,1),(1102,147,22,5,1000,0,1,1),(1103,148,22,18,1000,0,1,1),(1104,148,22,17,1000,0,1,1),(1105,148,22,16,1000,0,1,1),(1106,148,22,15,1000,0,1,1),(1107,148,22,14,1000,0,1,1),(1108,148,22,9,1000,0,1,1),(1109,148,22,8,1000,0,1,1),(1110,148,22,7,1000,0,1,1),(1111,148,22,6,1000,0,1,1),(1112,148,22,5,1000,0,1,1),(1113,149,22,18,1000,0,1,1),(1114,149,22,17,1000,0,1,1),(1115,149,22,16,1000,0,1,1),(1116,149,22,15,1000,0,1,1),(1117,149,22,14,1000,0,1,1),(1118,149,22,9,1000,0,1,1),(1119,149,22,8,1000,0,1,1),(1120,149,22,7,1000,0,1,1),(1121,149,22,6,1000,0,1,1),(1122,149,22,5,1000,0,1,1),(1123,150,22,18,1000,0,1,1),(1124,150,22,17,1000,0,1,1),(1125,150,22,16,1000,0,1,1),(1126,150,22,15,1000,0,1,1),(1127,150,22,14,1000,0,1,1),(1128,150,22,9,1000,0,1,1),(1129,150,22,8,1000,0,1,1),(1130,150,22,7,1000,0,1,1),(1131,150,22,6,1000,0,1,1),(1132,150,22,5,1000,0,1,1),(1133,151,22,18,1000,0,1,1),(1134,151,22,17,1000,0,1,1),(1135,151,22,16,1000,0,1,1),(1136,151,22,15,1000,0,1,1),(1137,151,22,14,1000,0,1,1),(1138,151,22,9,1000,0,1,1),(1139,151,22,8,1000,0,1,1),(1140,151,22,7,1000,0,1,1),(1141,151,22,6,1000,0,1,1),(1142,151,22,5,1000,0,1,1),(1143,152,22,18,1000,0,1,1),(1144,152,22,17,1000,0,1,1),(1145,152,22,16,1000,0,1,1),(1146,152,22,15,1000,0,1,1),(1147,152,22,14,1000,0,1,1),(1148,152,22,9,1000,0,1,1),(1149,152,22,8,1000,0,1,1),(1150,152,22,7,1000,0,1,1),(1151,152,22,6,1000,0,1,1),(1152,152,22,5,1000,0,1,1),(1153,153,22,18,1000,0,1,1),(1154,153,22,17,1000,0,1,1),(1155,153,22,16,1000,0,1,1),(1156,153,22,15,1000,0,1,1),(1157,153,22,14,1000,0,1,1),(1158,153,22,9,1000,0,1,1),(1159,153,22,8,1000,0,1,1),(1160,153,22,7,1000,0,1,1),(1161,153,22,6,1000,0,1,1),(1162,153,22,5,1000,0,1,1),(1163,154,22,18,1000,0,1,1),(1164,154,22,17,1000,0,1,1),(1165,154,22,16,1000,0,1,1),(1166,154,22,15,1000,0,1,1),(1167,154,22,14,1000,0,1,1),(1168,154,22,9,1000,0,1,1),(1169,154,22,8,1000,0,1,1),(1170,154,22,7,1000,0,1,1),(1171,154,22,6,1000,0,1,1),(1172,154,22,5,1000,0,1,1),(1173,155,22,18,1000,0,1,1),(1174,155,22,17,1000,0,1,1),(1175,155,22,16,1000,0,1,1),(1176,155,22,15,1000,0,1,1),(1177,155,22,14,1000,0,1,1),(1178,155,22,9,1000,0,1,1),(1179,155,22,8,1000,0,1,1),(1180,155,22,7,1000,0,1,1),(1181,155,22,6,1000,0,1,1),(1182,155,22,5,1000,0,1,1),(1183,156,22,18,1000,0,1,1),(1184,156,22,17,1000,0,1,1),(1185,156,22,16,1000,0,1,1),(1186,156,22,15,1000,0,1,1),(1187,156,22,14,1000,0,1,1),(1188,156,22,9,1000,0,1,1),(1189,156,22,8,1000,0,1,1),(1190,156,22,7,1000,0,1,1),(1191,156,22,6,1000,0,1,1),(1192,156,22,5,1000,0,1,1),(1193,157,22,18,1000,0,1,1),(1194,157,22,17,1000,0,1,1),(1195,157,22,16,1000,0,1,1),(1196,157,22,15,1000,0,1,1),(1197,157,22,14,1000,0,1,1),(1198,157,22,9,1000,0,1,1),(1199,157,22,8,1000,0,1,1),(1200,157,22,7,1000,0,1,1),(1201,157,22,6,1000,0,1,1),(1202,157,22,5,1000,0,1,1),(1203,158,22,18,1000,0,1,1),(1204,158,22,17,1000,0,1,1),(1205,158,22,16,1000,0,1,1),(1206,158,22,15,1000,0,1,1),(1207,158,22,14,1000,0,1,1),(1208,158,22,9,1000,0,1,1),(1209,158,22,8,1000,0,1,1),(1210,158,22,7,1000,0,1,1),(1211,158,22,6,1000,0,1,1),(1212,158,22,5,1000,0,1,1),(1213,159,22,18,1000,0,1,1),(1214,159,22,17,1000,0,1,1),(1215,159,22,16,1000,0,1,1),(1216,159,22,15,1000,0,1,1),(1217,159,22,14,1000,0,1,1),(1218,159,22,9,1000,0,1,1),(1219,159,22,8,1000,0,1,1),(1220,159,22,7,1000,0,1,1),(1221,159,22,6,1000,0,1,1),(1222,159,22,5,1000,0,1,1),(2003,238,24,18,1000,0,1,1),(2004,238,24,17,1000,0,1,1),(2005,238,24,16,1000,0,1,1),(2006,238,24,9,1000,0,1,1),(2007,238,24,8,1000,0,1,1),(2008,239,24,18,1000,0,1,1),(2009,239,24,17,1000,0,1,1),(2010,239,24,16,1000,0,1,1),(2011,239,24,9,1000,0,1,1),(2012,239,24,8,1000,0,1,1),(2013,240,24,18,1000,0,1,1),(2014,240,24,17,1000,0,1,1),(2015,240,24,16,1000,0,1,1),(2016,240,24,9,1000,0,1,1),(2017,240,24,8,1000,0,1,1),(2018,241,24,18,1000,0,1,1),(2019,241,24,17,1000,0,1,1),(2020,241,24,16,1000,0,1,1),(2021,241,24,9,1000,0,1,1),(2022,241,24,8,1000,0,1,1),(2023,242,24,18,1000,0,1,1),(2024,242,24,17,1000,0,1,1),(2025,242,24,16,1000,0,1,1),(2026,242,24,9,1000,0,1,1),(2027,242,24,8,1000,0,1,1),(2028,243,24,18,1000,0,1,1),(2029,243,24,17,1000,0,1,1),(2030,243,24,16,1000,0,1,1),(2031,243,24,9,1000,0,1,1),(2032,243,24,8,1000,0,1,1),(2033,244,24,18,1000,0,1,1),(2034,244,24,17,1000,0,1,1),(2035,244,24,16,1000,0,1,1),(2036,244,24,9,1000,0,1,1),(2037,244,24,8,1000,0,1,1),(2038,245,24,18,1000,0,1,1),(2039,245,24,17,1000,0,1,1),(2040,245,24,16,1000,0,1,1),(2041,245,24,9,1000,0,1,1),(2042,245,24,8,1000,0,1,1),(2043,246,24,18,1000,0,1,1),(2044,246,24,17,1000,0,1,1),(2045,246,24,16,1000,0,1,1),(2046,246,24,9,1000,0,1,1),(2047,246,24,8,1000,0,1,1),(2048,247,24,18,1000,0,1,1),(2049,247,24,17,1000,0,1,1),(2050,247,24,16,1000,0,1,1),(2051,247,24,9,1000,0,1,1),(2052,247,24,8,1000,0,1,1),(2053,248,24,18,1000,0,1,1),(2054,248,24,17,1000,0,1,1),(2055,248,24,16,1000,0,1,1),(2056,248,24,9,1000,0,1,1),(2057,248,24,8,1000,0,1,1),(2058,249,24,18,1000,0,1,1),(2059,249,24,17,1000,0,1,1),(2060,249,24,16,1000,0,1,1),(2061,249,24,9,1000,0,1,1),(2062,249,24,8,1000,0,1,1),(2063,250,24,18,1000,0,1,1),(2064,250,24,17,1000,0,1,1),(2065,250,24,16,1000,0,1,1),(2066,250,24,9,1000,0,1,1),(2067,250,24,8,1000,0,1,1),(2068,251,24,18,1000,0,1,1),(2069,251,24,17,1000,0,1,1),(2070,251,24,16,1000,0,1,1),(2071,251,24,9,1000,0,1,1),(2072,251,24,8,1000,0,1,1),(2073,252,24,18,1000,0,1,1),(2074,252,24,17,1000,0,1,1),(2075,252,24,16,1000,0,1,1),(2076,252,24,9,1000,0,1,1),(2077,252,24,8,1000,0,1,1),(2078,253,24,18,1000,0,1,1),(2079,253,24,17,1000,0,1,1),(2080,253,24,16,1000,0,1,1),(2081,253,24,9,1000,0,1,1),(2082,253,24,8,1000,0,1,1),(2083,254,24,18,1000,0,1,1),(2084,254,24,17,1000,0,1,1),(2085,254,24,16,1000,0,1,1),(2086,254,24,9,1000,0,1,1),(2087,254,24,8,1000,0,1,1),(2088,255,24,18,1000,0,1,1),(2089,255,24,17,1000,0,1,1),(2090,255,24,16,1000,0,1,1),(2091,255,24,9,1000,0,1,1),(2092,255,24,8,1000,0,1,1),(2093,256,24,18,1000,0,1,1),(2094,256,24,17,1000,0,1,1),(2095,256,24,16,1000,0,1,1),(2096,256,24,9,1000,0,1,1),(2097,256,24,8,1000,0,1,1),(2098,257,24,18,1000,0,1,1),(2099,257,24,17,1000,0,1,1),(2100,257,24,16,1000,0,1,1),(2101,257,24,9,1000,0,1,1),(2102,257,24,8,1000,0,1,1),(2103,258,25,18,1000,0,1,1),(2104,258,25,9,1000,0,1,1),(2105,259,25,18,1000,0,1,1),(2106,259,25,9,1000,0,1,1),(2107,260,25,18,1000,0,1,1),(2108,260,25,9,1000,0,1,1),(2109,261,25,18,1000,0,1,1),(2110,261,25,9,1000,0,1,1),(2111,262,25,18,1000,0,1,1),(2112,262,25,9,1000,0,1,1),(2113,263,25,18,1000,0,1,1),(2114,263,25,9,1000,0,1,1),(2115,264,25,18,1000,0,1,1),(2116,264,25,9,1000,0,1,1),(2117,265,25,18,1000,0,1,1),(2118,265,25,9,1000,0,1,1),(2119,266,25,18,1000,0,1,1),(2120,266,25,9,1000,0,1,1),(2121,267,25,18,1000,0,1,1),(2122,267,25,9,1000,0,1,1),(2123,268,25,18,1000,0,1,1),(2124,268,25,9,1000,0,1,1),(2125,269,25,18,1000,0,1,1),(2126,269,25,9,1000,0,1,1),(2127,270,25,18,1000,0,1,1),(2128,270,25,9,1000,0,1,1),(2129,271,25,18,1000,0,1,1),(2130,271,25,9,1000,0,1,1),(2131,272,25,18,1000,0,1,1),(2132,272,25,9,1000,0,1,1),(2319,459,47,21,11,0,1,1),(2320,459,47,10,11,0,1,1),(2321,459,47,8,11,0,1,1),(2322,460,47,21,11,0,1,1),(2323,460,47,10,11,0,1,1),(2324,460,47,8,11,0,1,1),(2325,461,47,21,11,0,1,1),(2326,461,47,10,11,0,1,1),(2327,461,47,8,11,0,1,1),(2328,462,47,21,11,0,1,1),(2329,462,47,10,11,0,1,1),(2330,462,47,8,11,0,1,1),(2331,463,48,21,11,0,1,1),(2332,463,48,14,11,0,1,1),(2333,463,48,6,11,0,1,1),(2334,463,48,12,11,0,1,1),(2335,464,48,21,11,0,1,1),(2336,464,48,14,11,0,1,1),(2337,464,48,6,11,0,1,1),(2338,464,48,12,11,0,1,1),(2339,465,48,21,11,0,1,1),(2340,465,48,14,11,0,1,1),(2341,465,48,6,11,0,1,1),(2342,465,48,12,11,0,1,1),(2343,466,48,21,11,0,1,1),(2344,466,48,14,11,0,1,1),(2345,466,48,6,11,0,1,1),(2346,466,48,12,11,0,1,1),(2347,467,48,21,11,0,1,1),(2348,467,48,14,11,0,1,1),(2349,467,48,6,11,0,1,1),(2350,467,48,12,11,0,1,1),(2351,468,48,21,11,0,1,1),(2352,468,48,14,11,0,1,1),(2353,468,48,6,11,0,1,1),(2354,468,48,12,11,0,1,1),(2355,469,48,21,11,0,1,1),(2356,469,48,14,11,0,1,1),(2357,469,48,6,11,0,1,1),(2358,469,48,12,11,0,1,1),(2359,470,48,21,11,0,1,1),(2360,470,48,14,11,0,1,1),(2361,470,48,6,11,0,1,1),(2362,470,48,12,11,0,1,1),(2363,471,49,21,11,1,1,0),(2364,471,49,6,11,0,1,0),(2365,471,49,16,11,0,1,0),(2366,471,49,19,11,0,1,0),(2367,472,49,21,11,0,1,0),(2368,472,49,6,11,0,1,0),(2369,472,49,16,11,0,1,0),(2370,472,49,19,11,0,1,0),(2371,473,49,21,11,0,1,0),(2372,473,49,6,11,0,1,0),(2373,473,49,16,11,0,1,0),(2374,473,49,19,11,0,1,0),(2375,474,49,21,11,0,1,0),(2376,474,49,6,11,0,1,0),(2377,474,49,16,11,0,1,0),(2378,474,49,19,11,0,1,0),(2379,475,49,21,11,0,1,0),(2380,475,49,6,11,0,1,0),(2381,475,49,16,11,0,1,0),(2382,475,49,19,11,0,1,0),(2383,476,49,21,11,0,1,0),(2384,476,49,6,11,0,1,0),(2385,476,49,16,11,0,1,0),(2386,476,49,19,11,0,1,0),(2387,477,49,21,11,0,1,0),(2388,477,49,6,11,0,1,0),(2389,477,49,16,11,0,1,0),(2390,477,49,19,11,0,1,0),(2391,478,49,21,11,0,1,0),(2392,478,49,6,11,0,1,0),(2393,478,49,16,11,0,1,0),(2394,478,49,19,11,0,1,0),(2395,479,49,21,11,0,1,0),(2396,479,49,6,11,0,1,0),(2397,479,49,16,11,0,1,0),(2398,479,49,19,11,0,1,0),(2399,481,52,21,111,0,1,0),(2400,481,52,6,111,0,1,0),(2401,481,52,19,111,0,1,1),(2402,482,52,21,111,0,1,0),(2403,482,52,6,111,0,1,0),(2404,482,52,19,111,0,1,1),(2405,483,52,21,111,0,1,0),(2406,483,52,6,111,0,1,0),(2407,483,52,19,111,0,1,1),(2408,484,52,21,111,0,1,0),(2409,484,52,6,111,0,1,0),(2410,484,52,19,111,0,1,1),(2411,485,52,21,111,0,1,0),(2412,485,52,6,111,0,1,0),(2413,485,52,19,111,0,1,1),(2414,486,52,21,111,0,1,0),(2415,486,52,6,111,0,1,0),(2416,486,52,19,111,0,1,1),(2417,487,52,21,111,0,1,0),(2418,487,52,6,111,0,1,0),(2419,487,52,19,111,0,1,1),(2420,488,52,21,111,0,1,0),(2421,488,52,6,111,0,1,0),(2422,488,52,19,111,0,1,1),(2477,387,39,21,100,0,1,1),(2478,388,39,21,100,0,1,1),(2479,389,39,21,100,0,1,1),(2480,390,39,21,100,0,1,1),(2481,391,39,21,100,0,1,1),(2482,392,39,21,100,0,1,1),(2483,393,39,21,100,0,1,1),(2484,394,39,21,100,0,1,1),(2485,395,39,21,100,0,1,1),(2486,396,40,21,100,0,1,1),(2487,397,40,21,100,0,1,1),(2488,398,40,21,100,0,1,1),(2489,399,40,21,100,0,1,1),(2490,400,40,21,100,0,1,1),(2491,396,40,14,100,0,1,0),(2492,397,40,14,100,0,1,0),(2493,398,40,14,100,0,1,0),(2494,399,40,14,100,0,1,0),(2495,400,40,14,100,0,1,0),(2496,396,40,6,100,0,1,0),(2497,397,40,6,100,0,1,0),(2498,398,40,6,100,0,1,0),(2499,399,40,6,100,0,1,0),(2500,400,40,6,100,0,1,0),(2501,396,40,16,100,0,1,0),(2502,397,40,16,100,0,1,0),(2503,398,40,16,100,0,1,0),(2504,399,40,16,100,0,1,0),(2505,400,40,16,100,0,1,0),(2506,396,40,7,100,0,1,1),(2507,397,40,7,100,0,1,1),(2508,398,40,7,100,0,1,1),(2509,399,40,7,100,0,1,1),(2510,400,40,7,100,0,1,1),(2511,396,40,7,100,0,1,0),(2512,397,40,7,100,0,1,0),(2513,398,40,7,100,0,1,0),(2514,399,40,7,100,0,1,0),(2515,400,40,7,100,0,1,0),(2516,481,52,19,111,0,1,0),(2517,482,52,19,111,0,1,0),(2518,483,52,19,111,0,1,0),(2519,484,52,19,111,0,1,0),(2520,485,52,19,111,0,1,0),(2521,486,52,19,111,0,1,0),(2522,487,52,19,111,0,1,0),(2523,488,52,19,111,0,1,0),(2524,481,52,12,111,0,1,0),(2525,482,52,12,111,0,1,0),(2526,483,52,12,111,0,1,0),(2527,484,52,12,111,0,1,0),(2528,485,52,12,111,0,1,0),(2529,486,52,12,111,0,1,0),(2530,487,52,12,111,0,1,0),(2531,488,52,12,111,0,1,0),(2532,490,53,21,0,0,1,1),(2533,491,53,21,0,0,1,1),(2534,490,53,21,0,0,1,1),(2535,492,53,21,0,0,1,1),(2536,489,53,21,200,0,1,1),(2537,490,53,21,200,0,1,1),(2538,491,53,21,200,0,1,1),(2539,492,53,21,200,0,1,1),(2540,489,53,21,200,0,1,0),(2541,490,53,21,200,0,1,1),(2542,491,53,21,200,0,1,1),(2543,492,53,21,200,0,1,1),(2544,491,53,14,200,0,1,1),(2545,490,53,14,200,0,1,0),(2546,491,53,14,200,0,1,0),(2547,492,53,14,200,0,1,1),(2548,493,53,14,200,0,1,0),(2549,396,40,19,100,0,1,0),(2550,397,40,19,100,0,1,0),(2551,398,40,19,100,0,1,0),(2552,399,40,19,100,0,1,0),(2553,400,40,19,100,0,1,0),(2554,396,40,12,100,0,1,0),(2555,397,40,12,100,0,1,0),(2556,398,40,12,100,0,1,0),(2557,399,40,12,100,0,1,0),(2558,400,40,12,100,0,1,0),(2559,396,40,18,100,0,1,0),(2560,397,40,18,100,0,1,0),(2561,398,40,18,100,0,1,0),(2562,399,40,18,100,0,1,0),(2563,400,40,18,100,0,1,0),(2564,396,40,15,100,0,1,0),(2565,397,40,15,100,0,1,0),(2566,398,40,15,100,0,1,0),(2567,399,40,15,100,0,1,0),(2568,400,40,15,100,0,1,0),(2569,396,40,9,100,0,1,0),(2570,397,40,9,100,0,1,0),(2571,398,40,9,100,0,1,0),(2572,399,40,9,100,0,1,0),(2573,400,40,9,100,0,1,0),(2574,396,40,13,100,0,1,0),(2575,397,40,13,100,0,1,0),(2576,398,40,13,100,0,1,0),(2577,399,40,13,100,0,1,0),(2578,400,40,13,100,0,1,0),(2579,396,40,11,100,0,1,0),(2580,397,40,11,100,0,1,0),(2581,398,40,11,100,0,1,0),(2582,399,40,11,100,0,1,0),(2583,400,40,11,100,0,1,0),(2584,396,40,4,100,0,1,0),(2585,397,40,4,100,0,1,0),(2586,398,40,4,100,0,1,0),(2587,399,40,4,100,0,1,0),(2588,400,40,4,100,0,1,0),(2589,396,40,3,100,0,1,0),(2590,397,40,3,100,0,1,0),(2591,398,40,3,100,0,1,0),(2592,399,40,3,100,0,1,0),(2593,400,40,3,100,0,1,0);

/*Table structure for table `classoa_class_student_rela` */

DROP TABLE IF EXISTS `classoa_class_student_rela`;

CREATE TABLE `classoa_class_student_rela` (
  `id` int(10) NOT NULL AUTO_INCREMENT,
  `class_id` int(10) NOT NULL,
  `student_id` int(10) NOT NULL,
  `tuition_per_class` int(10) DEFAULT NULL COMMENT '学费（1课/1人），到分',
  `status` int(1) NOT NULL DEFAULT '0',
  `inst_id` int(10) NOT NULL,
  PRIMARY KEY (`id`)
) ENGINE=InnoDB AUTO_INCREMENT=30 DEFAULT CHARSET=utf8 COLLATE=utf8_unicode_ci;

/*Data for the table `classoa_class_student_rela` */

insert  into `classoa_class_student_rela`(`id`,`class_id`,`student_id`,`tuition_per_class`,`status`,`inst_id`) values (1,52,21,111,0,1),(2,52,6,111,0,1),(3,52,19,111,0,1),(12,39,21,1100,1,1),(13,40,21,100,1,1),(14,40,14,2100,0,1),(15,40,6,100,0,1),(16,40,16,100,0,1),(17,40,7,100,0,1),(18,52,12,111,0,1),(19,53,21,0,1,1),(20,53,14,200,0,1),(21,40,19,100,0,1),(22,40,12,100,0,1),(23,40,18,100,0,1),(24,40,15,100,0,1),(25,40,9,100,0,1),(26,40,13,100,0,1),(27,40,11,100,0,1),(28,40,4,100,0,1),(29,40,3,100,0,1);

/*Table structure for table `classoa_classroom` */

DROP TABLE IF EXISTS `classoa_classroom`;

CREATE TABLE `classoa_classroom` (
  `classroom_id` int(10) NOT NULL AUTO_INCREMENT,
  `name` varchar(20) COLLATE utf8_unicode_ci NOT NULL,
  `inst_id` int(10) NOT NULL,
  `status` int(1) NOT NULL DEFAULT '0' COMMENT '是否启用',
  PRIMARY KEY (`classroom_id`)
) ENGINE=InnoDB AUTO_INCREMENT=23 DEFAULT CHARSET=utf8 COLLATE=utf8_unicode_ci;

/*Data for the table `classoa_classroom` */

insert  into `classoa_classroom`(`classroom_id`,`name`,`inst_id`,`status`) values (2,'',1,1),(3,'',1,1),(4,'sd',1,1),(5,'dd',1,1),(6,'sdfs',1,1),(7,'33',1,1),(8,'44',1,1),(9,'55',1,1),(10,'66',1,1),(11,'77',1,1),(12,'88',1,1),(13,'99',1,1),(14,'11',1,1),(15,'12',1,1),(16,'qw',1,1),(17,'eee',1,1),(18,'11',1,1),(19,'11',1,1),(20,'dsf',1,1),(21,'706',1,0),(22,'504',1,0);

/*Table structure for table `classoa_classtype` */

DROP TABLE IF EXISTS `classoa_classtype`;

CREATE TABLE `classoa_classtype` (
  `id` int(10) NOT NULL AUTO_INCREMENT,
  `name` varchar(20) COLLATE utf8_unicode_ci NOT NULL,
  `inst_id` int(10) NOT NULL,
  `status` int(1) NOT NULL DEFAULT '0' COMMENT '0:正常 1:删除',
  PRIMARY KEY (`id`)
) ENGINE=InnoDB AUTO_INCREMENT=32 DEFAULT CHARSET=utf8 COLLATE=utf8_unicode_ci;

/*Data for the table `classoa_classtype` */

insert  into `classoa_classtype`(`id`,`name`,`inst_id`,`status`) values (3,'KET',1,0),(4,'PET',1,0),(5,'新概念1',1,0),(6,'新概念2',1,0),(7,'新概念3',1,1),(8,'nce',1,1),(9,'sdf',1,1),(10,'sdf',1,1),(11,'sdfsd',1,1),(12,'1212',1,1),(13,'sdfs',1,1),(14,'sdfsdf',1,1),(15,'qee',1,1),(16,'333',1,1),(17,'222222',1,1),(18,'4544',1,1),(19,'速度',1,1),(20,'似的发射点',1,1),(21,'ew',1,1),(22,'ee',1,1),(23,'fs',1,1),(24,'sdf',1,1),(25,'sdf',1,1),(26,'www',1,1),(27,'11',1,1),(28,'33',1,1),(29,'33',1,1),(30,'11',1,1),(31,'新概念3',1,0);

/*Table structure for table `classoa_institution` */

DROP TABLE IF EXISTS `classoa_institution`;

CREATE TABLE `classoa_institution` (
  `inst_id` int(10) NOT NULL AUTO_INCREMENT COMMENT 'PK',
  `name` varchar(40) COLLATE utf8_unicode_ci NOT NULL,
  `region_id` int(10) DEFAULT NULL COMMENT '三级区域ID',
  PRIMARY KEY (`inst_id`)
) ENGINE=InnoDB AUTO_INCREMENT=2 DEFAULT CHARSET=utf8 COLLATE=utf8_unicode_ci;

/*Data for the table `classoa_institution` */

insert  into `classoa_institution`(`inst_id`,`name`,`region_id`) values (1,'dingding',NULL);

/*Table structure for table `classoa_operator` */

DROP TABLE IF EXISTS `classoa_operator`;

CREATE TABLE `classoa_operator` (
  `operator_id` int(10) NOT NULL AUTO_INCREMENT,
  `inst_id` int(10) NOT NULL,
  `user_name` varchar(20) COLLATE utf8_unicode_ci NOT NULL,
  `user_pwd` varchar(50) COLLATE utf8_unicode_ci NOT NULL,
  `is_super_admin` int(1) DEFAULT '1' COMMENT '1:是 0:不是',
  `role_id` int(10) DEFAULT NULL COMMENT '角色id',
  PRIMARY KEY (`operator_id`)
) ENGINE=InnoDB AUTO_INCREMENT=3 DEFAULT CHARSET=utf8 COLLATE=utf8_unicode_ci;

/*Data for the table `classoa_operator` */

insert  into `classoa_operator`(`operator_id`,`inst_id`,`user_name`,`user_pwd`,`is_super_admin`,`role_id`) values (2,1,'test','E10ADC3949BA59ABBE56E057F20F883E',1,NULL);

/*Table structure for table `classoa_operator_login_log` */

DROP TABLE IF EXISTS `classoa_operator_login_log`;

CREATE TABLE `classoa_operator_login_log` (
  `id` int(10) NOT NULL AUTO_INCREMENT,
  `operator_id` int(10) NOT NULL,
  `login_time` varchar(25) COLLATE utf8_unicode_ci DEFAULT NULL,
  `ip` varchar(15) COLLATE utf8_unicode_ci DEFAULT NULL,
  PRIMARY KEY (`id`)
) ENGINE=InnoDB DEFAULT CHARSET=utf8 COLLATE=utf8_unicode_ci;

/*Data for the table `classoa_operator_login_log` */

/*Table structure for table `classoa_role` */

DROP TABLE IF EXISTS `classoa_role`;

CREATE TABLE `classoa_role` (
  `role_id` int(10) NOT NULL AUTO_INCREMENT,
  `name` varchar(10) COLLATE utf8_unicode_ci NOT NULL,
  `code` varchar(10) COLLATE utf8_unicode_ci NOT NULL COMMENT '角色编码',
  PRIMARY KEY (`role_id`)
) ENGINE=InnoDB DEFAULT CHARSET=utf8 COLLATE=utf8_unicode_ci;

/*Data for the table `classoa_role` */

/*Table structure for table `classoa_student` */

DROP TABLE IF EXISTS `classoa_student`;

CREATE TABLE `classoa_student` (
  `student_id` int(10) NOT NULL AUTO_INCREMENT COMMENT 'PK',
  `student_name` varchar(20) COLLATE utf8_unicode_ci NOT NULL,
  `pinyin` varchar(20) COLLATE utf8_unicode_ci DEFAULT NULL COMMENT '姓名拼音全拼',
  `gender` int(1) NOT NULL COMMENT '0:女 1:男',
  `grade` int(10) DEFAULT '0' COMMENT '年级',
  `school` varchar(20) COLLATE utf8_unicode_ci DEFAULT NULL COMMENT '学校',
  `remark` varchar(100) COLLATE utf8_unicode_ci DEFAULT NULL,
  `phone` varchar(20) COLLATE utf8_unicode_ci DEFAULT NULL,
  `balance` int(10) NOT NULL DEFAULT '0' COMMENT '余额',
  `status` int(1) NOT NULL DEFAULT '0' COMMENT '0 正常 1 删除',
  `inst_id` int(10) DEFAULT NULL,
  PRIMARY KEY (`student_id`)
) ENGINE=InnoDB AUTO_INCREMENT=22 DEFAULT CHARSET=utf8 COLLATE=utf8_unicode_ci;

/*Data for the table `classoa_student` */

insert  into `classoa_student`(`student_id`,`student_name`,`pinyin`,`gender`,`grade`,`school`,`remark`,`phone`,`balance`,`status`,`inst_id`) values (1,'12','12',1,1,'12','1212','12',12,1,1),(2,'张馨予','zhangxinyu',0,6,'实验小学','张涵予','12033222334',10000,0,1),(3,'李晨','lichen',1,8,'石景山小学','范冰冰','12938382382',8000,0,1),(4,'路飞','lufei',1,5,'千阳号','龙','122342932',323,0,1),(5,'乔巴','qiaoba',1,5,'千阳号','121','2323',323,0,1),(6,'艾斯','aisi',1,2,'33','232','12121',1212,0,1),(7,'白胡子','baihuzi',1,12,'3','4','55',3,0,1),(8,'娜美','namei',0,5,'6','额外','323232',11122,0,1),(9,'克罗克戴尔','keluokedaier',1,2,'32323','2323','2323',2323,0,1),(10,'香客斯','xiangkesi',1,2,'34','3433','4343',434321,0,1),(11,'罗宾','luobin',1,12,'2342','23423','23423',4545,0,1),(12,'多弗朗明哥','duofulangmingge',1,3,'232323','232322','323232',3232,0,1),(13,'刘速度','liusudu',1,2,'22','22','23',44,0,1),(14,'阿黑哥','aheige',1,5,'44','rr','343',232,0,1),(15,'科技额','kejie',1,3,'4','5','67',78,0,1),(16,'百分点','baifeidian',0,1,'34','43','7766',8765,0,1),(17,'微软','weiruan',1,9,'2323','23','2323',23,0,1),(18,'梵蒂冈','fandigang',1,10,'12121','2112','1212',1212,0,1),(19,'杜海涛','duhaitao',1,4,'3','士大夫','12133434322',1129,0,1),(20,'小天使','xiaotianshi',1,12,'323','12速度','312121212',11,0,1),(21,'Alice','Alice',0,12,'1212','121212','12121212',12121,0,1);

/*Table structure for table `classoa_teacher` */

DROP TABLE IF EXISTS `classoa_teacher`;

CREATE TABLE `classoa_teacher` (
  `teacher_id` int(10) NOT NULL AUTO_INCREMENT COMMENT 'PK',
  `name` varchar(10) COLLATE utf8_unicode_ci NOT NULL,
  `mobile` varchar(15) COLLATE utf8_unicode_ci DEFAULT NULL,
  `inst_id` int(10) DEFAULT NULL COMMENT 'FK_classoa_institute',
  `status` int(1) NOT NULL DEFAULT '0' COMMENT '0：正常 1：删除',
  PRIMARY KEY (`teacher_id`)
) ENGINE=InnoDB AUTO_INCREMENT=33 DEFAULT CHARSET=utf8 COLLATE=utf8_unicode_ci;

/*Data for the table `classoa_teacher` */

insert  into `classoa_teacher`(`teacher_id`,`name`,`mobile`,`inst_id`,`status`) values (13,'dingding','',1,1),(14,'1212','',1,1),(15,'2323','2323',1,1),(16,'3333','2222',1,1),(17,'qw','2323232',1,1),(18,'sdfsdf','sdfsdf',1,1),(19,'wewerw','232323',1,1),(20,'232323','23232',1,1),(21,'2323','2323',1,1),(22,'232323','33333',1,1),(23,'445645','64545',1,1),(24,'4555','5555',1,1),(25,'56767','567567',1,1),(26,'888','9787',1,1),(27,'we','ww',1,1),(28,'qqq',NULL,1,1),(29,'eeeqqq',NULL,1,1),(30,'shrek',NULL,1,0),(31,'纪年',NULL,1,0),(32,'WSJ',NULL,1,0);

/*!40101 SET SQL_MODE=@OLD_SQL_MODE */;
/*!40014 SET FOREIGN_KEY_CHECKS=@OLD_FOREIGN_KEY_CHECKS */;
/*!40014 SET UNIQUE_CHECKS=@OLD_UNIQUE_CHECKS */;
/*!40111 SET SQL_NOTES=@OLD_SQL_NOTES */;
