/*
SQLyog Ultimate v8.32 
MySQL - 5.6.21-log : Database - classoa
*********************************************************************
*/

/*!40101 SET NAMES utf8 */;

/*!40101 SET SQL_MODE=''*/;

/*!40014 SET @OLD_UNIQUE_CHECKS=@@UNIQUE_CHECKS, UNIQUE_CHECKS=0 */;
/*!40101 SET @OLD_SQL_MODE=@@SQL_MODE, SQL_MODE='NO_AUTO_VALUE_ON_ZERO' */;
/*!40111 SET @OLD_SQL_NOTES=@@SQL_NOTES, SQL_NOTES=0 */;
CREATE DATABASE /*!32312 IF NOT EXISTS*/`classoa` /*!40100 DEFAULT CHARACTER SET utf8 COLLATE utf8_unicode_ci */;

USE `classoa`;

/*Table structure for table `classoa_class` */

CREATE TABLE `classoa_class` (
  `class_id` int(10) NOT NULL AUTO_INCREMENT,
  `class_name` varchar(30) COLLATE utf8_unicode_ci NOT NULL,
  `class_type_id` int(10) DEFAULT NULL COMMENT '关联class_type表',
  `tuition_per_class` int(10) DEFAULT NULL COMMENT '学费（1课/1人），到分',
  `wage` int(10) DEFAULT NULL COMMENT '课时费 1课',
  `start_date` varchar(10) COLLATE utf8_unicode_ci NOT NULL,
  `end_date` varchar(10) COLLATE utf8_unicode_ci NOT NULL,
  `teacher_id` int(10) NOT NULL,
  `classroom_id` int(10) NOT NULL,
  `remark` varchar(20) COLLATE utf8_unicode_ci DEFAULT NULL,
  `timecn` varchar(100) COLLATE utf8_unicode_ci DEFAULT NULL COMMENT '课程时间 显示使用',
  `inst_id` int(10) NOT NULL,
  `status` int(1) NOT NULL DEFAULT '0',
  PRIMARY KEY (`class_id`),
  KEY `class_inst_id` (`inst_id`),
  KEY `class_teacher_id` (`teacher_id`),
  KEY `class_classroom_id` (`classroom_id`)
) ENGINE=InnoDB AUTO_INCREMENT=14 DEFAULT CHARSET=utf8 COLLATE=utf8_unicode_ci;

/*Data for the table `classoa_class` */

insert  into `classoa_class`(`class_id`,`class_name`,`class_type_id`,`tuition_per_class`,`wage`,`start_date`,`end_date`,`teacher_id`,`classroom_id`,`remark`,`timecn`,`inst_id`,`status`) values (1,'胜多负少',1,11100,1100,'2016-06-01','2016-06-30',3,1,'','星期一  7:00-8:00</br>',1,1),(2,'KET考级培训',1,13300,0,'2016-07-06','2016-08-05',1,3,'','星期一  13:30-15:30</br>星期三  13:30-15:30</br>星期五  13:30-15:30</br>',1,0),(3,'PET考级培训',2,13300,0,'2016-07-06','2016-08-05',1,2,'','星期一  16:00-18:00</br>星期三  16:00-18:00</br>星期五  16:00-18:00</br>',1,0),(4,'KET 开学季新班',1,13300,0,'2016-09-06','2016-12-13',1,2,'','星期二  17:00-19:00</br>',1,0),(5,'雅思VIP',8,30000,30000,'2016-07-06','2016-08-10',1,3,'','星期三  8:00-10:00</br>',1,0),(6,'新概念梳理VIP',9,60000,60000,'2016-06-28','2016-08-08',1,3,'','星期二  18:00-20:00</br>星期四  18:00-20:00</br>',1,0),(7,'',0,0,0,'','',0,0,'','  -</br>',1,1),(8,'新概念梳理 暑假班',5,12000,0,'2016-07-07','2016-08-04',1,2,'','星期二  10:00-12:00</br>星期四  10:00-12:00</br>',1,0),(9,'新概念二',4,11000,0,'2016-07-11','2017-05-14',1,2,'','星期一  10:00-12:00</br>',1,0),(10,'新概念一 7人班',3,10000,0,'2016-07-06','2016-08-10',1,2,'','星期三  10:00-11:30</br>',1,0),(11,'新概念11人班',3,10000,0,'2016-07-01','2016-08-05',1,2,'','星期五  10:00-12:00</br>',1,0),(12,'新概念二 （周五班）',4,11000,0,'2016-07-04','2016-08-04',1,2,'','星期二  16:00-18:00</br>星期四  16:00-18:00</br>',1,0),(13,'新概念二（周四班）',4,11000,0,'2016-07-07','2016-08-04',1,2,'','星期二  14:00-16:00</br>星期四  14:00-16:00</br>',1,0);

/*Table structure for table `classoa_class_detail` */

CREATE TABLE `classoa_class_detail` (
  `class_detail_id` int(10) NOT NULL AUTO_INCREMENT,
  `date` varchar(10) COLLATE utf8_unicode_ci NOT NULL COMMENT '课程日期',
  `year` varchar(4) COLLATE utf8_unicode_ci NOT NULL COMMENT '2015',
  `month` varchar(2) COLLATE utf8_unicode_ci NOT NULL COMMENT '02',
  `day_of_week` int(1) NOT NULL COMMENT '星期几',
  `start_time` varchar(10) COLLATE utf8_unicode_ci NOT NULL COMMENT '课程开始时间 24小时制',
  `start_time_int` int(10) DEFAULT NULL,
  `end_time` varchar(10) COLLATE utf8_unicode_ci NOT NULL COMMENT '课程结束时间 24小时制',
  `teacher_id` int(10) NOT NULL,
  `classroom_id` int(10) NOT NULL,
  `class_id` int(10) NOT NULL,
  `inst_id` int(10) NOT NULL,
  `status` int(1) NOT NULL DEFAULT '0',
  `is_absent_check` int(1) NOT NULL DEFAULT '0' COMMENT '0 未登记考勤  1 已登记',
  PRIMARY KEY (`class_detail_id`),
  KEY `class_detail_inst_id` (`inst_id`),
  KEY `class_detail_class_id` (`class_id`)
) ENGINE=InnoDB AUTO_INCREMENT=150 DEFAULT CHARSET=utf8 COLLATE=utf8_unicode_ci;

/*Data for the table `classoa_class_detail` */

insert  into `classoa_class_detail`(`class_detail_id`,`date`,`year`,`month`,`day_of_week`,`start_time`,`start_time_int`,`end_time`,`teacher_id`,`classroom_id`,`class_id`,`inst_id`,`status`,`is_absent_check`) values (1,'2016-06-06','2016','6',1,'7:00',700,'8:00',3,1,1,1,1,0),(2,'2016-06-13','2016','6',1,'7:00',700,'8:00',3,1,1,1,1,0),(3,'2016-06-20','2016','6',1,'7:00',700,'8:00',3,1,1,1,1,0),(4,'2016-06-27','2016','6',1,'7:00',700,'8:00',3,1,1,1,1,0),(5,'2016-07-06','2016','7',3,'13:30',1330,'15:30',1,3,2,1,0,0),(6,'2016-07-08','2016','7',5,'13:30',1330,'15:30',1,3,2,1,0,1),(7,'2016-07-11','2016','7',1,'13:30',1330,'15:30',1,3,2,1,0,0),(8,'2016-07-13','2016','7',3,'13:30',1330,'15:30',1,3,2,1,0,0),(9,'2016-07-15','2016','7',5,'13:30',1330,'15:30',1,3,2,1,0,0),(10,'2016-07-18','2016','7',1,'13:30',1330,'15:30',1,3,2,1,0,0),(11,'2016-07-20','2016','7',3,'13:30',1330,'15:30',1,3,2,1,0,0),(12,'2016-07-22','2016','7',5,'13:30',1330,'15:30',1,3,2,1,0,0),(13,'2016-07-25','2016','7',1,'13:30',1330,'15:30',1,3,2,1,0,0),(14,'2016-07-27','2016','7',3,'13:30',1330,'15:30',1,3,2,1,0,0),(15,'2016-07-29','2016','7',5,'13:30',1330,'15:30',1,3,2,1,0,0),(16,'2016-08-01','2016','8',1,'13:30',1330,'15:30',1,3,2,1,0,0),(17,'2016-08-03','2016','8',3,'13:30',1330,'15:30',1,3,2,1,0,0),(18,'2016-08-05','2016','8',5,'13:30',1330,'15:30',1,3,2,1,0,0),(19,'2016-07-06','2016','7',3,'16:00',1600,'18:00',1,2,3,1,0,0),(20,'2016-07-08','2016','7',5,'16:00',1600,'18:00',1,2,3,1,0,0),(21,'2016-07-11','2016','7',1,'16:00',1600,'18:00',1,2,3,1,0,0),(22,'2016-07-13','2016','7',3,'16:00',1600,'18:00',1,2,3,1,0,0),(23,'2016-07-15','2016','7',5,'16:00',1600,'18:00',1,2,3,1,0,0),(24,'2016-07-18','2016','7',1,'16:00',1600,'18:00',1,2,3,1,0,0),(25,'2016-07-20','2016','7',3,'16:00',1600,'18:00',1,2,3,1,0,0),(26,'2016-07-22','2016','7',5,'16:00',1600,'18:00',1,2,3,1,0,0),(27,'2016-07-25','2016','7',1,'16:00',1600,'18:00',1,2,3,1,0,0),(28,'2016-07-27','2016','7',3,'16:00',1600,'18:00',1,2,3,1,0,0),(29,'2016-07-29','2016','7',5,'16:00',1600,'18:00',1,2,3,1,0,0),(30,'2016-08-01','2016','8',1,'16:00',1600,'18:00',1,2,3,1,0,0),(31,'2016-08-03','2016','8',3,'16:00',1600,'18:00',1,2,3,1,0,0),(32,'2016-08-05','2016','8',5,'16:00',1600,'18:00',1,2,3,1,0,0),(33,'2016-09-06','2016','9',2,'17:00',1700,'19:00',1,2,4,1,0,0),(34,'2016-09-13','2016','9',2,'17:00',1700,'19:00',1,2,4,1,0,0),(35,'2016-09-20','2016','9',2,'17:00',1700,'19:00',1,2,4,1,0,0),(36,'2016-09-27','2016','9',2,'17:00',1700,'19:00',1,2,4,1,0,0),(37,'2016-10-04','2016','10',2,'17:00',1700,'19:00',1,2,4,1,0,0),(38,'2016-10-11','2016','10',2,'17:00',1700,'19:00',1,2,4,1,0,0),(39,'2016-10-18','2016','10',2,'17:00',1700,'19:00',1,2,4,1,0,0),(40,'2016-10-25','2016','10',2,'17:00',1700,'19:00',1,2,4,1,0,0),(41,'2016-11-01','2016','11',2,'17:00',1700,'19:00',1,2,4,1,0,0),(42,'2016-11-08','2016','11',2,'17:00',1700,'19:00',1,2,4,1,0,0),(43,'2016-11-15','2016','11',2,'17:00',1700,'19:00',1,2,4,1,0,0),(44,'2016-11-22','2016','11',2,'17:00',1700,'19:00',1,2,4,1,0,0),(45,'2016-11-29','2016','11',2,'17:00',1700,'19:00',1,2,4,1,0,0),(46,'2016-12-06','2016','12',2,'17:00',1700,'19:00',1,2,4,1,0,0),(47,'2016-12-13','2016','12',2,'17:00',1700,'19:00',1,2,4,1,0,0),(48,'2016-07-06','2016','7',3,'8:00',800,'10:00',1,3,5,1,0,0),(49,'2016-07-13','2016','7',3,'8:00',800,'10:00',1,3,5,1,0,0),(50,'2016-07-20','2016','7',3,'8:00',800,'10:00',1,3,5,1,0,0),(51,'2016-07-27','2016','7',3,'8:00',800,'10:00',1,3,5,1,0,0),(52,'2016-08-03','2016','8',3,'8:00',800,'10:00',1,3,5,1,0,0),(53,'2016-08-10','2016','8',3,'8:00',800,'10:00',1,3,5,1,0,0),(54,'2016-06-28','2016','6',2,'18:00',1800,'20:00',1,3,6,1,0,0),(55,'2016-06-30','2016','6',4,'18:00',1800,'20:00',1,3,6,1,0,0),(56,'2016-07-05','2016','7',2,'18:00',1800,'20:00',1,3,6,1,0,0),(57,'2016-07-07','2016','7',4,'18:00',1800,'20:00',1,3,6,1,0,0),(58,'2016-07-12','2016','7',2,'18:00',1800,'20:00',1,3,6,1,0,0),(59,'2016-07-14','2016','7',4,'18:00',1800,'20:00',1,3,6,1,0,0),(60,'2016-07-19','2016','7',2,'18:00',1800,'20:00',1,3,6,1,0,0),(61,'2016-07-21','2016','7',4,'18:00',1800,'20:00',1,3,6,1,0,0),(62,'2016-07-26','2016','7',2,'18:00',1800,'20:00',1,3,6,1,0,0),(63,'2016-07-28','2016','7',4,'18:00',1800,'20:00',1,3,6,1,0,0),(64,'2016-08-02','2016','8',2,'18:00',1800,'20:00',1,3,6,1,0,0),(65,'2016-08-04','2016','8',4,'18:00',1800,'20:00',1,3,6,1,0,0),(66,'2016-07-07','2016','7',4,'10:00',1000,'12:00',1,2,8,1,0,0),(67,'2016-07-12','2016','7',2,'10:00',1000,'12:00',1,2,8,1,0,0),(68,'2016-07-14','2016','7',4,'10:00',1000,'12:00',1,2,8,1,0,0),(69,'2016-07-19','2016','7',2,'10:00',1000,'12:00',1,2,8,1,0,0),(70,'2016-07-21','2016','7',4,'10:00',1000,'12:00',1,2,8,1,0,0),(71,'2016-07-26','2016','7',2,'10:00',1000,'12:00',1,2,8,1,0,0),(72,'2016-07-28','2016','7',4,'10:00',1000,'12:00',1,2,8,1,0,0),(73,'2016-08-02','2016','8',2,'10:00',1000,'12:00',1,2,8,1,0,0),(74,'2016-08-04','2016','8',4,'10:00',1000,'12:00',1,2,8,1,0,0),(75,'2016-07-11','2016','7',1,'10:00',1000,'12:00',1,2,9,1,0,0),(76,'2016-07-18','2016','7',1,'10:00',1000,'12:00',1,2,9,1,0,0),(77,'2016-07-25','2016','7',1,'10:00',1000,'12:00',1,2,9,1,0,0),(78,'2016-08-01','2016','8',1,'10:00',1000,'12:00',1,2,9,1,0,0),(79,'2016-08-08','2016','8',1,'10:00',1000,'12:00',1,2,9,1,0,0),(80,'2016-08-15','2016','8',1,'10:00',1000,'12:00',1,2,9,1,0,0),(81,'2016-08-22','2016','8',1,'10:00',1000,'12:00',1,2,9,1,0,0),(82,'2016-08-29','2016','8',1,'10:00',1000,'12:00',1,2,9,1,0,0),(83,'2016-09-05','2016','9',1,'10:00',1000,'12:00',1,2,9,1,0,0),(84,'2016-09-12','2016','9',1,'10:00',1000,'12:00',1,2,9,1,0,0),(85,'2016-09-19','2016','9',1,'10:00',1000,'12:00',1,2,9,1,0,0),(86,'2016-09-26','2016','9',1,'10:00',1000,'12:00',1,2,9,1,0,0),(87,'2016-10-03','2016','10',1,'10:00',1000,'12:00',1,2,9,1,0,0),(88,'2016-10-10','2016','10',1,'10:00',1000,'12:00',1,2,9,1,0,0),(89,'2016-10-17','2016','10',1,'10:00',1000,'12:00',1,2,9,1,0,0),(90,'2016-10-24','2016','10',1,'10:00',1000,'12:00',1,2,9,1,0,0),(91,'2016-10-31','2016','10',1,'10:00',1000,'12:00',1,2,9,1,0,0),(92,'2016-11-07','2016','11',1,'10:00',1000,'12:00',1,2,9,1,0,0),(93,'2016-11-14','2016','11',1,'10:00',1000,'12:00',1,2,9,1,0,0),(94,'2016-11-21','2016','11',1,'10:00',1000,'12:00',1,2,9,1,0,0),(95,'2016-11-28','2016','11',1,'10:00',1000,'12:00',1,2,9,1,0,0),(96,'2016-12-05','2016','12',1,'10:00',1000,'12:00',1,2,9,1,0,0),(97,'2016-12-12','2016','12',1,'10:00',1000,'12:00',1,2,9,1,0,0),(98,'2016-12-19','2016','12',1,'10:00',1000,'12:00',1,2,9,1,0,0),(99,'2016-12-26','2016','12',1,'10:00',1000,'12:00',1,2,9,1,0,0),(100,'2017-01-02','2017','1',1,'10:00',1000,'12:00',1,2,9,1,0,0),(101,'2017-01-09','2017','1',1,'10:00',1000,'12:00',1,2,9,1,0,0),(102,'2017-01-16','2017','1',1,'10:00',1000,'12:00',1,2,9,1,0,0),(103,'2017-01-23','2017','1',1,'10:00',1000,'12:00',1,2,9,1,0,0),(104,'2017-01-30','2017','1',1,'10:00',1000,'12:00',1,2,9,1,0,0),(105,'2017-02-06','2017','2',1,'10:00',1000,'12:00',1,2,9,1,0,0),(106,'2017-02-13','2017','2',1,'10:00',1000,'12:00',1,2,9,1,0,0),(107,'2017-02-20','2017','2',1,'10:00',1000,'12:00',1,2,9,1,0,0),(108,'2017-02-27','2017','2',1,'10:00',1000,'12:00',1,2,9,1,0,0),(109,'2017-03-06','2017','3',1,'10:00',1000,'12:00',1,2,9,1,0,0),(110,'2017-03-13','2017','3',1,'10:00',1000,'12:00',1,2,9,1,0,0),(111,'2017-03-20','2017','3',1,'10:00',1000,'12:00',1,2,9,1,0,0),(112,'2017-03-27','2017','3',1,'10:00',1000,'12:00',1,2,9,1,0,0),(113,'2017-04-03','2017','4',1,'10:00',1000,'12:00',1,2,9,1,0,0),(114,'2017-04-10','2017','4',1,'10:00',1000,'12:00',1,2,9,1,0,0),(115,'2017-04-17','2017','4',1,'10:00',1000,'12:00',1,2,9,1,0,0),(116,'2017-04-24','2017','4',1,'10:00',1000,'12:00',1,2,9,1,0,0),(117,'2017-05-01','2017','5',1,'10:00',1000,'12:00',1,2,9,1,0,0),(118,'2017-05-08','2017','5',1,'10:00',1000,'12:00',1,2,9,1,0,0),(119,'2016-07-06','2016','7',3,'10:00',1000,'11:30',1,2,10,1,0,0),(120,'2016-07-13','2016','7',3,'10:00',1000,'11:30',1,2,10,1,0,0),(121,'2016-07-20','2016','7',3,'10:00',1000,'11:30',1,2,10,1,0,0),(122,'2016-07-27','2016','7',3,'10:00',1000,'11:30',1,2,10,1,0,0),(123,'2016-08-03','2016','8',3,'10:00',1000,'11:30',1,2,10,1,0,0),(124,'2016-08-10','2016','8',3,'10:00',1000,'11:30',1,2,10,1,0,0),(125,'2016-07-01','2016','7',5,'10:00',1000,'12:00',1,2,11,1,0,0),(126,'2016-07-08','2016','7',5,'10:00',1000,'12:00',1,2,11,1,0,0),(127,'2016-07-15','2016','7',5,'10:00',1000,'12:00',1,2,11,1,0,0),(128,'2016-07-22','2016','7',5,'10:00',1000,'12:00',1,2,11,1,0,0),(129,'2016-07-29','2016','7',5,'10:00',1000,'12:00',1,2,11,1,0,0),(130,'2016-08-05','2016','8',5,'10:00',1000,'12:00',1,2,11,1,0,0),(131,'2016-07-05','2016','7',2,'16:00',1600,'18:00',1,2,12,1,0,0),(132,'2016-07-07','2016','7',4,'16:00',1600,'18:00',1,2,12,1,0,0),(133,'2016-07-12','2016','7',2,'16:00',1600,'18:00',1,2,12,1,0,0),(134,'2016-07-14','2016','7',4,'16:00',1600,'18:00',1,2,12,1,0,0),(135,'2016-07-19','2016','7',2,'16:00',1600,'18:00',1,2,12,1,0,0),(136,'2016-07-21','2016','7',4,'16:00',1600,'18:00',1,2,12,1,0,0),(137,'2016-07-26','2016','7',2,'16:00',1600,'18:00',1,2,12,1,0,0),(138,'2016-07-28','2016','7',4,'16:00',1600,'18:00',1,2,12,1,0,0),(139,'2016-08-02','2016','8',2,'16:00',1600,'18:00',1,2,12,1,0,0),(140,'2016-08-04','2016','8',4,'16:00',1600,'18:00',1,2,12,1,0,0),(141,'2016-07-07','2016','7',4,'14:00',1400,'16:00',1,2,13,1,0,0),(142,'2016-07-12','2016','7',2,'14:00',1400,'16:00',1,2,13,1,0,0),(143,'2016-07-14','2016','7',4,'14:00',1400,'16:00',1,2,13,1,0,0),(144,'2016-07-19','2016','7',2,'14:00',1400,'16:00',1,2,13,1,0,0),(145,'2016-07-21','2016','7',4,'14:00',1400,'16:00',1,2,13,1,0,0),(146,'2016-07-26','2016','7',2,'14:00',1400,'16:00',1,2,13,1,0,0),(147,'2016-07-28','2016','7',4,'14:00',1400,'16:00',1,2,13,1,0,0),(148,'2016-08-02','2016','8',2,'14:00',1400,'16:00',1,2,13,1,0,0),(149,'2016-08-04','2016','8',4,'14:00',1400,'16:00',1,2,13,1,0,0);

/*Table structure for table `classoa_class_detail_student_rela` */

CREATE TABLE `classoa_class_detail_student_rela` (
  `id` int(10) NOT NULL AUTO_INCREMENT,
  `class_detail_id` int(10) NOT NULL,
  `class_id` int(10) NOT NULL,
  `student_id` int(10) NOT NULL,
  `tuition_per_class` int(10) DEFAULT NULL COMMENT '学费（1课/1人），精确到分',
  `is_absent` int(1) DEFAULT '0' COMMENT '0：上课 1：缺勤',
  `inst_id` int(10) NOT NULL,
  `status` int(1) NOT NULL DEFAULT '0',
  PRIMARY KEY (`id`),
  KEY `cdsr_inst_id` (`inst_id`),
  KEY `cdsr_class_detail_id` (`class_detail_id`),
  KEY `cdsr_student_id` (`student_id`)
) ENGINE=InnoDB AUTO_INCREMENT=677 DEFAULT CHARSET=utf8 COLLATE=utf8_unicode_ci;

/*Data for the table `classoa_class_detail_student_rela` */

insert  into `classoa_class_detail_student_rela`(`id`,`class_detail_id`,`class_id`,`student_id`,`tuition_per_class`,`is_absent`,`inst_id`,`status`) values (1,5,2,6,13300,0,1,0),(2,5,2,5,13300,0,1,0),(3,5,2,7,13300,0,1,0),(4,5,2,12,13300,0,1,0),(5,5,2,3,13300,0,1,0),(6,5,2,10,13300,0,1,0),(7,5,2,14,13300,0,1,0),(8,5,2,4,13300,0,1,0),(9,5,2,2,13300,0,1,0),(10,5,2,11,13300,0,1,0),(11,5,2,8,13300,0,1,0),(12,5,2,13,13300,0,1,0),(13,5,2,9,13300,0,1,0),(14,5,2,1,13300,0,1,0),(15,6,2,6,13300,0,1,1),(16,6,2,5,13300,0,1,0),(17,6,2,7,13300,0,1,0),(18,6,2,12,13300,0,1,0),(19,6,2,3,13300,0,1,0),(20,6,2,10,13300,0,1,0),(21,6,2,14,13300,0,1,0),(22,6,2,4,13300,0,1,0),(23,6,2,2,13300,0,1,0),(24,6,2,11,13300,0,1,0),(25,6,2,8,13300,0,1,0),(26,6,2,13,13300,0,1,0),(27,6,2,9,13300,0,1,0),(28,6,2,1,13300,0,1,0),(29,7,2,6,13300,0,1,1),(30,7,2,5,13300,0,1,0),(31,7,2,7,13300,0,1,0),(32,7,2,12,13300,0,1,0),(33,7,2,3,13300,0,1,0),(34,7,2,10,13300,0,1,0),(35,7,2,14,13300,0,1,0),(36,7,2,4,13300,0,1,0),(37,7,2,2,13300,0,1,0),(38,7,2,11,13300,0,1,0),(39,7,2,8,13300,0,1,0),(40,7,2,13,13300,0,1,0),(41,7,2,9,13300,0,1,0),(42,7,2,1,13300,0,1,0),(43,8,2,6,13300,0,1,1),(44,8,2,5,13300,0,1,0),(45,8,2,7,13300,0,1,0),(46,8,2,12,13300,0,1,0),(47,8,2,3,13300,0,1,0),(48,8,2,10,13300,0,1,0),(49,8,2,14,13300,0,1,0),(50,8,2,4,13300,0,1,0),(51,8,2,2,13300,0,1,0),(52,8,2,11,13300,0,1,0),(53,8,2,8,13300,0,1,0),(54,8,2,13,13300,0,1,0),(55,8,2,9,13300,0,1,0),(56,8,2,1,13300,0,1,0),(57,9,2,6,13300,0,1,1),(58,9,2,5,13300,0,1,0),(59,9,2,7,13300,0,1,0),(60,9,2,12,13300,0,1,0),(61,9,2,3,13300,0,1,0),(62,9,2,10,13300,0,1,0),(63,9,2,14,13300,0,1,0),(64,9,2,4,13300,0,1,0),(65,9,2,2,13300,0,1,0),(66,9,2,11,13300,0,1,0),(67,9,2,8,13300,0,1,0),(68,9,2,13,13300,0,1,0),(69,9,2,9,13300,0,1,0),(70,9,2,1,13300,0,1,0),(71,10,2,6,13300,0,1,1),(72,10,2,5,13300,0,1,0),(73,10,2,7,13300,0,1,0),(74,10,2,12,13300,0,1,0),(75,10,2,3,13300,0,1,0),(76,10,2,10,13300,0,1,0),(77,10,2,14,13300,0,1,0),(78,10,2,4,13300,0,1,0),(79,10,2,2,13300,0,1,0),(80,10,2,11,13300,0,1,0),(81,10,2,8,13300,0,1,0),(82,10,2,13,13300,0,1,0),(83,10,2,9,13300,0,1,0),(84,10,2,1,13300,0,1,0),(85,11,2,6,13300,0,1,1),(86,11,2,5,13300,0,1,0),(87,11,2,7,13300,0,1,0),(88,11,2,12,13300,0,1,0),(89,11,2,3,13300,0,1,0),(90,11,2,10,13300,0,1,0),(91,11,2,14,13300,0,1,0),(92,11,2,4,13300,0,1,0),(93,11,2,2,13300,0,1,0),(94,11,2,11,13300,0,1,0),(95,11,2,8,13300,0,1,0),(96,11,2,13,13300,0,1,0),(97,11,2,9,13300,0,1,0),(98,11,2,1,13300,0,1,0),(99,12,2,6,13300,0,1,1),(100,12,2,5,13300,0,1,0),(101,12,2,7,13300,0,1,0),(102,12,2,12,13300,0,1,0),(103,12,2,3,13300,0,1,0),(104,12,2,10,13300,0,1,0),(105,12,2,14,13300,0,1,0),(106,12,2,4,13300,0,1,0),(107,12,2,2,13300,0,1,0),(108,12,2,11,13300,0,1,0),(109,12,2,8,13300,0,1,0),(110,12,2,13,13300,0,1,0),(111,12,2,9,13300,0,1,0),(112,12,2,1,13300,0,1,0),(113,13,2,6,13300,0,1,1),(114,13,2,5,13300,0,1,0),(115,13,2,7,13300,0,1,0),(116,13,2,12,13300,0,1,0),(117,13,2,3,13300,0,1,0),(118,13,2,10,13300,0,1,0),(119,13,2,14,13300,0,1,0),(120,13,2,4,13300,0,1,0),(121,13,2,2,13300,0,1,0),(122,13,2,11,13300,0,1,0),(123,13,2,8,13300,0,1,0),(124,13,2,13,13300,0,1,0),(125,13,2,9,13300,0,1,0),(126,13,2,1,13300,0,1,0),(127,14,2,6,13300,0,1,1),(128,14,2,5,13300,0,1,0),(129,14,2,7,13300,0,1,0),(130,14,2,12,13300,0,1,0),(131,14,2,3,13300,0,1,0),(132,14,2,10,13300,0,1,0),(133,14,2,14,13300,0,1,0),(134,14,2,4,13300,0,1,0),(135,14,2,2,13300,0,1,0),(136,14,2,11,13300,0,1,0),(137,14,2,8,13300,0,1,0),(138,14,2,13,13300,0,1,0),(139,14,2,9,13300,0,1,0),(140,14,2,1,13300,0,1,0),(141,15,2,6,13300,0,1,1),(142,15,2,5,13300,0,1,0),(143,15,2,7,13300,0,1,0),(144,15,2,12,13300,0,1,0),(145,15,2,3,13300,0,1,0),(146,15,2,10,13300,0,1,0),(147,15,2,14,13300,0,1,0),(148,15,2,4,13300,0,1,0),(149,15,2,2,13300,0,1,0),(150,15,2,11,13300,0,1,0),(151,15,2,8,13300,0,1,0),(152,15,2,13,13300,0,1,0),(153,15,2,9,13300,0,1,0),(154,15,2,1,13300,0,1,0),(155,16,2,6,13300,0,1,1),(156,16,2,5,13300,0,1,0),(157,16,2,7,13300,0,1,0),(158,16,2,12,13300,0,1,0),(159,16,2,3,13300,0,1,0),(160,16,2,10,13300,0,1,0),(161,16,2,14,13300,0,1,0),(162,16,2,4,13300,0,1,0),(163,16,2,2,13300,0,1,0),(164,16,2,11,13300,0,1,0),(165,16,2,8,13300,0,1,0),(166,16,2,13,13300,0,1,0),(167,16,2,9,13300,0,1,0),(168,16,2,1,13300,0,1,0),(169,17,2,6,13300,0,1,1),(170,17,2,5,13300,0,1,0),(171,17,2,7,13300,0,1,0),(172,17,2,12,13300,0,1,0),(173,17,2,3,13300,0,1,0),(174,17,2,10,13300,0,1,0),(175,17,2,14,13300,0,1,0),(176,17,2,4,13300,0,1,0),(177,17,2,2,13300,0,1,0),(178,17,2,11,13300,0,1,0),(179,17,2,8,13300,0,1,0),(180,17,2,13,13300,0,1,0),(181,17,2,9,13300,0,1,0),(182,17,2,1,13300,0,1,0),(183,18,2,6,13300,0,1,1),(184,18,2,5,13300,0,1,0),(185,18,2,7,13300,0,1,0),(186,18,2,12,13300,0,1,0),(187,18,2,3,13300,0,1,0),(188,18,2,10,13300,0,1,0),(189,18,2,14,13300,0,1,0),(190,18,2,4,13300,0,1,0),(191,18,2,2,13300,0,1,0),(192,18,2,11,13300,0,1,0),(193,18,2,8,13300,0,1,0),(194,18,2,13,13300,0,1,0),(195,18,2,9,13300,0,1,0),(196,18,2,1,13300,0,1,0),(197,7,2,6,13300,0,1,1),(198,6,2,6,13300,0,1,0),(199,7,2,6,13300,0,1,0),(200,8,2,6,13300,0,1,0),(201,9,2,6,13300,0,1,0),(202,10,2,6,13300,0,1,0),(203,11,2,6,13300,0,1,0),(204,12,2,6,13300,0,1,0),(205,13,2,6,13300,0,1,0),(206,14,2,6,13300,0,1,0),(207,15,2,6,13300,0,1,0),(208,16,2,6,13300,0,1,0),(209,17,2,6,13300,0,1,0),(210,18,2,6,13300,0,1,0),(211,19,3,15,13300,0,1,0),(212,20,3,15,13300,0,1,0),(213,21,3,15,13300,0,1,0),(214,22,3,15,13300,0,1,0),(215,23,3,15,13300,0,1,0),(216,24,3,15,13300,0,1,0),(217,25,3,15,13300,0,1,0),(218,26,3,15,13300,0,1,0),(219,27,3,15,13300,0,1,0),(220,28,3,15,13300,0,1,0),(221,29,3,15,13300,0,1,0),(222,30,3,15,13300,0,1,0),(223,31,3,15,13300,0,1,0),(224,32,3,15,13300,0,1,0),(225,19,3,16,13300,0,1,0),(226,20,3,16,13300,0,1,0),(227,21,3,16,13300,0,1,0),(228,22,3,16,13300,0,1,0),(229,23,3,16,13300,0,1,0),(230,24,3,16,13300,0,1,0),(231,25,3,16,13300,0,1,0),(232,26,3,16,13300,0,1,0),(233,27,3,16,13300,0,1,0),(234,28,3,16,13300,0,1,0),(235,29,3,16,13300,0,1,0),(236,30,3,16,13300,0,1,0),(237,31,3,16,13300,0,1,0),(238,32,3,16,13300,0,1,0),(239,48,5,23,30000,0,1,0),(240,49,5,23,30000,0,1,0),(241,50,5,23,30000,0,1,0),(242,51,5,23,30000,0,1,0),(243,52,5,23,30000,0,1,0),(244,53,5,23,30000,0,1,0),(245,54,6,24,60000,0,1,0),(246,55,6,24,60000,0,1,0),(247,56,6,24,60000,0,1,0),(248,57,6,24,60000,0,1,0),(249,58,6,24,60000,0,1,0),(250,59,6,24,60000,0,1,0),(251,60,6,24,60000,0,1,0),(252,61,6,24,60000,0,1,0),(253,62,6,24,60000,0,1,0),(254,63,6,24,60000,0,1,0),(255,64,6,24,60000,0,1,0),(256,65,6,24,60000,0,1,0),(257,66,8,18,12000,0,1,0),(258,66,8,20,12000,0,1,0),(259,66,8,19,12000,0,1,0),(260,66,8,17,12000,0,1,0),(261,66,8,21,12000,0,1,0),(262,67,8,18,12000,0,1,0),(263,67,8,20,12000,0,1,0),(264,67,8,19,12000,0,1,0),(265,67,8,17,12000,0,1,0),(266,67,8,21,12000,0,1,0),(267,68,8,18,12000,0,1,0),(268,68,8,20,12000,0,1,0),(269,68,8,19,12000,0,1,0),(270,68,8,17,12000,0,1,0),(271,68,8,21,12000,0,1,0),(272,69,8,18,12000,0,1,0),(273,69,8,20,12000,0,1,0),(274,69,8,19,12000,0,1,0),(275,69,8,17,12000,0,1,0),(276,69,8,21,12000,0,1,0),(277,70,8,18,12000,0,1,0),(278,70,8,20,12000,0,1,0),(279,70,8,19,12000,0,1,0),(280,70,8,17,12000,0,1,0),(281,70,8,21,12000,0,1,0),(282,71,8,18,12000,0,1,0),(283,71,8,20,12000,0,1,0),(284,71,8,19,12000,0,1,0),(285,71,8,17,12000,0,1,0),(286,71,8,21,12000,0,1,0),(287,72,8,18,12000,0,1,0),(288,72,8,20,12000,0,1,0),(289,72,8,19,12000,0,1,0),(290,72,8,17,12000,0,1,0),(291,72,8,21,12000,0,1,0),(292,73,8,18,12000,0,1,0),(293,73,8,20,12000,0,1,0),(294,73,8,19,12000,0,1,0),(295,73,8,17,12000,0,1,0),(296,73,8,21,12000,0,1,0),(297,74,8,18,12000,0,1,0),(298,74,8,20,12000,0,1,0),(299,74,8,19,12000,0,1,0),(300,74,8,17,12000,0,1,0),(301,74,8,21,12000,0,1,0),(302,66,8,27,12000,0,1,0),(303,67,8,27,12000,0,1,0),(304,68,8,27,12000,0,1,0),(305,69,8,27,12000,0,1,0),(306,70,8,27,12000,0,1,0),(307,71,8,27,12000,0,1,0),(308,72,8,27,12000,0,1,0),(309,73,8,27,12000,0,1,0),(310,74,8,27,12000,0,1,0),(311,66,8,26,12000,0,1,0),(312,67,8,26,12000,0,1,0),(313,68,8,26,12000,0,1,0),(314,69,8,26,12000,0,1,0),(315,70,8,26,12000,0,1,0),(316,71,8,26,12000,0,1,0),(317,72,8,26,12000,0,1,0),(318,73,8,26,12000,0,1,0),(319,74,8,26,12000,0,1,0),(320,66,8,25,12000,0,1,0),(321,67,8,25,12000,0,1,0),(322,68,8,25,12000,0,1,0),(323,69,8,25,12000,0,1,0),(324,70,8,25,12000,0,1,0),(325,71,8,25,12000,0,1,0),(326,72,8,25,12000,0,1,0),(327,73,8,25,12000,0,1,0),(328,74,8,25,12000,0,1,0),(329,75,9,28,11000,0,1,0),(330,75,9,30,11000,0,1,0),(331,75,9,32,11000,0,1,0),(332,75,9,31,11000,0,1,0),(333,75,9,29,11000,0,1,0),(334,75,9,33,11000,0,1,0),(335,76,9,28,11000,0,1,0),(336,76,9,30,11000,0,1,0),(337,76,9,32,11000,0,1,0),(338,76,9,31,11000,0,1,0),(339,76,9,29,11000,0,1,0),(340,76,9,33,11000,0,1,0),(341,77,9,28,11000,0,1,0),(342,77,9,30,11000,0,1,0),(343,77,9,32,11000,0,1,0),(344,77,9,31,11000,0,1,0),(345,77,9,29,11000,0,1,0),(346,77,9,33,11000,0,1,0),(347,78,9,28,11000,0,1,0),(348,78,9,30,11000,0,1,0),(349,78,9,32,11000,0,1,0),(350,78,9,31,11000,0,1,0),(351,78,9,29,11000,0,1,0),(352,78,9,33,11000,0,1,0),(353,79,9,28,11000,0,1,0),(354,79,9,30,11000,0,1,0),(355,79,9,32,11000,0,1,0),(356,79,9,31,11000,0,1,0),(357,79,9,29,11000,0,1,0),(358,79,9,33,11000,0,1,0),(359,80,9,28,11000,0,1,0),(360,80,9,30,11000,0,1,0),(361,80,9,32,11000,0,1,0),(362,80,9,31,11000,0,1,0),(363,80,9,29,11000,0,1,0),(364,80,9,33,11000,0,1,0),(365,81,9,28,11000,0,1,0),(366,81,9,30,11000,0,1,0),(367,81,9,32,11000,0,1,0),(368,81,9,31,11000,0,1,0),(369,81,9,29,11000,0,1,0),(370,81,9,33,11000,0,1,0),(371,82,9,28,11000,0,1,0),(372,82,9,30,11000,0,1,0),(373,82,9,32,11000,0,1,0),(374,82,9,31,11000,0,1,0),(375,82,9,29,11000,0,1,0),(376,82,9,33,11000,0,1,0),(377,83,9,28,11000,0,1,0),(378,83,9,30,11000,0,1,0),(379,83,9,32,11000,0,1,0),(380,83,9,31,11000,0,1,0),(381,83,9,29,11000,0,1,0),(382,83,9,33,11000,0,1,0),(383,84,9,28,11000,0,1,0),(384,84,9,30,11000,0,1,0),(385,84,9,32,11000,0,1,0),(386,84,9,31,11000,0,1,0),(387,84,9,29,11000,0,1,0),(388,84,9,33,11000,0,1,0),(389,85,9,28,11000,0,1,0),(390,85,9,30,11000,0,1,0),(391,85,9,32,11000,0,1,0),(392,85,9,31,11000,0,1,0),(393,85,9,29,11000,0,1,0),(394,85,9,33,11000,0,1,0),(395,86,9,28,11000,0,1,0),(396,86,9,30,11000,0,1,0),(397,86,9,32,11000,0,1,0),(398,86,9,31,11000,0,1,0),(399,86,9,29,11000,0,1,0),(400,86,9,33,11000,0,1,0),(401,87,9,28,11000,0,1,0),(402,87,9,30,11000,0,1,0),(403,87,9,32,11000,0,1,0),(404,87,9,31,11000,0,1,0),(405,87,9,29,11000,0,1,0),(406,87,9,33,11000,0,1,0),(407,88,9,28,11000,0,1,0),(408,88,9,30,11000,0,1,0),(409,88,9,32,11000,0,1,0),(410,88,9,31,11000,0,1,0),(411,88,9,29,11000,0,1,0),(412,88,9,33,11000,0,1,0),(413,89,9,28,11000,0,1,0),(414,89,9,30,11000,0,1,0),(415,89,9,32,11000,0,1,0),(416,89,9,31,11000,0,1,0),(417,89,9,29,11000,0,1,0),(418,89,9,33,11000,0,1,0),(419,90,9,28,11000,0,1,0),(420,90,9,30,11000,0,1,0),(421,90,9,32,11000,0,1,0),(422,90,9,31,11000,0,1,0),(423,90,9,29,11000,0,1,0),(424,90,9,33,11000,0,1,0),(425,91,9,28,11000,0,1,0),(426,91,9,30,11000,0,1,0),(427,91,9,32,11000,0,1,0),(428,91,9,31,11000,0,1,0),(429,91,9,29,11000,0,1,0),(430,91,9,33,11000,0,1,0),(431,92,9,28,11000,0,1,0),(432,92,9,30,11000,0,1,0),(433,92,9,32,11000,0,1,0),(434,92,9,31,11000,0,1,0),(435,92,9,29,11000,0,1,0),(436,92,9,33,11000,0,1,0),(437,93,9,28,11000,0,1,0),(438,93,9,30,11000,0,1,0),(439,93,9,32,11000,0,1,0),(440,93,9,31,11000,0,1,0),(441,93,9,29,11000,0,1,0),(442,93,9,33,11000,0,1,0),(443,94,9,28,11000,0,1,0),(444,94,9,30,11000,0,1,0),(445,94,9,32,11000,0,1,0),(446,94,9,31,11000,0,1,0),(447,94,9,29,11000,0,1,0),(448,94,9,33,11000,0,1,0),(449,95,9,28,11000,0,1,0),(450,95,9,30,11000,0,1,0),(451,95,9,32,11000,0,1,0),(452,95,9,31,11000,0,1,0),(453,95,9,29,11000,0,1,0),(454,95,9,33,11000,0,1,0),(455,96,9,28,11000,0,1,0),(456,96,9,30,11000,0,1,0),(457,96,9,32,11000,0,1,0),(458,96,9,31,11000,0,1,0),(459,96,9,29,11000,0,1,0),(460,96,9,33,11000,0,1,0),(461,97,9,28,11000,0,1,0),(462,97,9,30,11000,0,1,0),(463,97,9,32,11000,0,1,0),(464,97,9,31,11000,0,1,0),(465,97,9,29,11000,0,1,0),(466,97,9,33,11000,0,1,0),(467,98,9,28,11000,0,1,0),(468,98,9,30,11000,0,1,0),(469,98,9,32,11000,0,1,0),(470,98,9,31,11000,0,1,0),(471,98,9,29,11000,0,1,0),(472,98,9,33,11000,0,1,0),(473,99,9,28,11000,0,1,0),(474,99,9,30,11000,0,1,0),(475,99,9,32,11000,0,1,0),(476,99,9,31,11000,0,1,0),(477,99,9,29,11000,0,1,0),(478,99,9,33,11000,0,1,0),(479,100,9,28,11000,0,1,0),(480,100,9,30,11000,0,1,0),(481,100,9,32,11000,0,1,0),(482,100,9,31,11000,0,1,0),(483,100,9,29,11000,0,1,0),(484,100,9,33,11000,0,1,0),(485,101,9,28,11000,0,1,0),(486,101,9,30,11000,0,1,0),(487,101,9,32,11000,0,1,0),(488,101,9,31,11000,0,1,0),(489,101,9,29,11000,0,1,0),(490,101,9,33,11000,0,1,0),(491,102,9,28,11000,0,1,0),(492,102,9,30,11000,0,1,0),(493,102,9,32,11000,0,1,0),(494,102,9,31,11000,0,1,0),(495,102,9,29,11000,0,1,0),(496,102,9,33,11000,0,1,0),(497,103,9,28,11000,0,1,0),(498,103,9,30,11000,0,1,0),(499,103,9,32,11000,0,1,0),(500,103,9,31,11000,0,1,0),(501,103,9,29,11000,0,1,0),(502,103,9,33,11000,0,1,0),(503,104,9,28,11000,0,1,0),(504,104,9,30,11000,0,1,0),(505,104,9,32,11000,0,1,0),(506,104,9,31,11000,0,1,0),(507,104,9,29,11000,0,1,0),(508,104,9,33,11000,0,1,0),(509,105,9,28,11000,0,1,0),(510,105,9,30,11000,0,1,0),(511,105,9,32,11000,0,1,0),(512,105,9,31,11000,0,1,0),(513,105,9,29,11000,0,1,0),(514,105,9,33,11000,0,1,0),(515,106,9,28,11000,0,1,0),(516,106,9,30,11000,0,1,0),(517,106,9,32,11000,0,1,0),(518,106,9,31,11000,0,1,0),(519,106,9,29,11000,0,1,0),(520,106,9,33,11000,0,1,0),(521,107,9,28,11000,0,1,0),(522,107,9,30,11000,0,1,0),(523,107,9,32,11000,0,1,0),(524,107,9,31,11000,0,1,0),(525,107,9,29,11000,0,1,0),(526,107,9,33,11000,0,1,0),(527,108,9,28,11000,0,1,0),(528,108,9,30,11000,0,1,0),(529,108,9,32,11000,0,1,0),(530,108,9,31,11000,0,1,0),(531,108,9,29,11000,0,1,0),(532,108,9,33,11000,0,1,0),(533,109,9,28,11000,0,1,0),(534,109,9,30,11000,0,1,0),(535,109,9,32,11000,0,1,0),(536,109,9,31,11000,0,1,0),(537,109,9,29,11000,0,1,0),(538,109,9,33,11000,0,1,0),(539,110,9,28,11000,0,1,0),(540,110,9,30,11000,0,1,0),(541,110,9,32,11000,0,1,0),(542,110,9,31,11000,0,1,0),(543,110,9,29,11000,0,1,0),(544,110,9,33,11000,0,1,0),(545,111,9,28,11000,0,1,0),(546,111,9,30,11000,0,1,0),(547,111,9,32,11000,0,1,0),(548,111,9,31,11000,0,1,0),(549,111,9,29,11000,0,1,0),(550,111,9,33,11000,0,1,0),(551,112,9,28,11000,0,1,0),(552,112,9,30,11000,0,1,0),(553,112,9,32,11000,0,1,0),(554,112,9,31,11000,0,1,0),(555,112,9,29,11000,0,1,0),(556,112,9,33,11000,0,1,0),(557,113,9,28,11000,0,1,0),(558,113,9,30,11000,0,1,0),(559,113,9,32,11000,0,1,0),(560,113,9,31,11000,0,1,0),(561,113,9,29,11000,0,1,0),(562,113,9,33,11000,0,1,0),(563,114,9,28,11000,0,1,0),(564,114,9,30,11000,0,1,0),(565,114,9,32,11000,0,1,0),(566,114,9,31,11000,0,1,0),(567,114,9,29,11000,0,1,0),(568,114,9,33,11000,0,1,0),(569,115,9,28,11000,0,1,0),(570,115,9,30,11000,0,1,0),(571,115,9,32,11000,0,1,0),(572,115,9,31,11000,0,1,0),(573,115,9,29,11000,0,1,0),(574,115,9,33,11000,0,1,0),(575,116,9,28,11000,0,1,0),(576,116,9,30,11000,0,1,0),(577,116,9,32,11000,0,1,0),(578,116,9,31,11000,0,1,0),(579,116,9,29,11000,0,1,0),(580,116,9,33,11000,0,1,0),(581,117,9,28,11000,0,1,0),(582,117,9,30,11000,0,1,0),(583,117,9,32,11000,0,1,0),(584,117,9,31,11000,0,1,0),(585,117,9,29,11000,0,1,0),(586,117,9,33,11000,0,1,0),(587,118,9,28,11000,0,1,0),(588,118,9,30,11000,0,1,0),(589,118,9,32,11000,0,1,0),(590,118,9,31,11000,0,1,0),(591,118,9,29,11000,0,1,0),(592,118,9,33,11000,0,1,0),(593,119,10,5,10000,0,1,0),(594,119,10,17,10000,0,1,0),(595,120,10,5,10000,0,1,0),(596,120,10,17,10000,0,1,0),(597,121,10,5,10000,0,1,0),(598,121,10,17,10000,0,1,0),(599,122,10,5,10000,0,1,0),(600,122,10,17,10000,0,1,0),(601,123,10,5,10000,0,1,0),(602,123,10,17,10000,0,1,0),(603,124,10,5,10000,0,1,0),(604,124,10,17,10000,0,1,0),(605,125,11,13,10000,0,1,0),(606,126,11,13,10000,0,1,0),(607,127,11,13,10000,0,1,0),(608,128,11,13,10000,0,1,0),(609,129,11,13,10000,0,1,0),(610,130,11,13,10000,0,1,0),(611,125,11,41,10000,0,1,0),(612,126,11,41,10000,0,1,0),(613,127,11,41,10000,0,1,0),(614,128,11,41,10000,0,1,0),(615,129,11,41,10000,0,1,0),(616,130,11,41,10000,0,1,0),(617,125,11,39,10000,0,1,0),(618,126,11,39,10000,0,1,0),(619,127,11,39,10000,0,1,0),(620,128,11,39,10000,0,1,0),(621,129,11,39,10000,0,1,0),(622,130,11,39,10000,0,1,0),(623,125,11,34,10000,0,1,0),(624,126,11,34,10000,0,1,0),(625,127,11,34,10000,0,1,0),(626,128,11,34,10000,0,1,0),(627,129,11,34,10000,0,1,0),(628,130,11,34,10000,0,1,0),(629,125,11,37,10000,0,1,0),(630,126,11,37,10000,0,1,0),(631,127,11,37,10000,0,1,0),(632,128,11,37,10000,0,1,0),(633,129,11,37,10000,0,1,0),(634,130,11,37,10000,0,1,0),(635,125,11,44,10000,0,1,0),(636,126,11,44,10000,0,1,0),(637,127,11,44,10000,0,1,0),(638,128,11,44,10000,0,1,0),(639,129,11,44,10000,0,1,0),(640,130,11,44,10000,0,1,0),(641,125,11,42,10000,0,1,0),(642,126,11,42,10000,0,1,0),(643,127,11,42,10000,0,1,0),(644,128,11,42,10000,0,1,0),(645,129,11,42,10000,0,1,0),(646,130,11,42,10000,0,1,0),(647,125,11,38,10000,0,1,0),(648,126,11,38,10000,0,1,0),(649,127,11,38,10000,0,1,0),(650,128,11,38,10000,0,1,0),(651,129,11,38,10000,0,1,0),(652,130,11,38,10000,0,1,0),(653,125,11,36,10000,0,1,0),(654,126,11,36,10000,0,1,0),(655,127,11,36,10000,0,1,0),(656,128,11,36,10000,0,1,0),(657,129,11,36,10000,0,1,0),(658,130,11,36,10000,0,1,0),(659,125,11,40,10000,0,1,0),(660,126,11,40,10000,0,1,0),(661,127,11,40,10000,0,1,0),(662,128,11,40,10000,0,1,0),(663,129,11,40,10000,0,1,0),(664,130,11,40,10000,0,1,0),(665,125,11,43,10000,0,1,0),(666,126,11,43,10000,0,1,0),(667,127,11,43,10000,0,1,0),(668,128,11,43,10000,0,1,0),(669,129,11,43,10000,0,1,0),(670,130,11,43,10000,0,1,0),(671,125,11,35,10000,0,1,0),(672,126,11,35,10000,0,1,0),(673,127,11,35,10000,0,1,0),(674,128,11,35,10000,0,1,0),(675,129,11,35,10000,0,1,0),(676,130,11,35,10000,0,1,0);

/*Table structure for table `classoa_class_student_rela` */

CREATE TABLE `classoa_class_student_rela` (
  `id` int(10) NOT NULL AUTO_INCREMENT,
  `class_id` int(10) NOT NULL,
  `student_id` int(10) NOT NULL,
  `tuition_per_class` int(10) DEFAULT NULL COMMENT '学费（1课/1人），到分',
  `status` int(1) NOT NULL DEFAULT '0',
  `inst_id` int(10) NOT NULL,
  PRIMARY KEY (`id`),
  KEY `csr_inst_id` (`inst_id`),
  KEY `csr_class_id` (`class_id`)
) ENGINE=InnoDB AUTO_INCREMENT=47 DEFAULT CHARSET=utf8 COLLATE=utf8_unicode_ci;

/*Data for the table `classoa_class_student_rela` */

insert  into `classoa_class_student_rela`(`id`,`class_id`,`student_id`,`tuition_per_class`,`status`,`inst_id`) values (1,2,6,13300,0,1),(2,2,5,13300,0,1),(3,2,7,13300,0,1),(4,2,12,13300,0,1),(5,2,3,13300,0,1),(6,2,10,13300,0,1),(7,2,14,13300,0,1),(8,2,4,13300,0,1),(9,2,2,13300,0,1),(10,2,11,10000,0,1),(11,2,8,13300,0,1),(12,2,13,13300,0,1),(13,2,9,13300,0,1),(14,2,1,13300,0,1),(15,3,15,13300,0,1),(16,3,16,13300,0,1),(17,5,23,30000,0,1),(18,6,24,60000,0,1),(19,8,18,12000,0,1),(20,8,20,12000,0,1),(21,8,19,12000,0,1),(22,8,17,12000,0,1),(23,8,21,12000,0,1),(24,8,27,12000,0,1),(25,8,26,12000,0,1),(26,8,25,12000,0,1),(27,9,28,11000,0,1),(28,9,30,11000,0,1),(29,9,32,11000,0,1),(30,9,31,11000,0,1),(31,9,29,11000,0,1),(32,9,33,11000,0,1),(33,10,5,10000,0,1),(34,10,17,10000,0,1),(35,11,13,10000,0,1),(36,11,41,10000,0,1),(37,11,39,10000,0,1),(38,11,34,10000,0,1),(39,11,37,10000,0,1),(40,11,44,10000,0,1),(41,11,42,10000,0,1),(42,11,38,10000,0,1),(43,11,36,10000,0,1),(44,11,40,10000,0,1),(45,11,43,10000,0,1),(46,11,35,10000,0,1);

/*Table structure for table `classoa_classroom` */

CREATE TABLE `classoa_classroom` (
  `classroom_id` int(10) NOT NULL AUTO_INCREMENT,
  `name` varchar(20) COLLATE utf8_unicode_ci NOT NULL,
  `inst_id` int(10) NOT NULL,
  `status` int(1) NOT NULL DEFAULT '0' COMMENT '是否启用',
  PRIMARY KEY (`classroom_id`)
) ENGINE=InnoDB AUTO_INCREMENT=4 DEFAULT CHARSET=utf8 COLLATE=utf8_unicode_ci;

/*Data for the table `classoa_classroom` */

insert  into `classoa_classroom`(`classroom_id`,`name`,`inst_id`,`status`) values (1,'706',1,1),(2,'504',1,0),(3,'715',1,0);

/*Table structure for table `classoa_classtype` */

CREATE TABLE `classoa_classtype` (
  `id` int(10) NOT NULL AUTO_INCREMENT,
  `name` varchar(20) COLLATE utf8_unicode_ci NOT NULL,
  `inst_id` int(10) NOT NULL,
  `status` int(1) NOT NULL DEFAULT '0' COMMENT '0:正常 1:删除',
  PRIMARY KEY (`id`)
) ENGINE=InnoDB AUTO_INCREMENT=10 DEFAULT CHARSET=utf8 COLLATE=utf8_unicode_ci;

/*Data for the table `classoa_classtype` */

insert  into `classoa_classtype`(`id`,`name`,`inst_id`,`status`) values (1,'KET',1,0),(2,'PET',1,0),(3,'新概念一',1,0),(4,'新概念二',1,0),(5,'新概念语法梳理',1,0),(6,'PET考级培训课',1,1),(7,'雅思VIP',1,1),(8,'雅思VIP',1,0),(9,'新概念梳理VIP',1,0);

/*Table structure for table `classoa_institution` */

CREATE TABLE `classoa_institution` (
  `inst_id` int(10) NOT NULL AUTO_INCREMENT COMMENT 'PK',
  `name` varchar(40) COLLATE utf8_unicode_ci NOT NULL,
  `region_id` int(10) DEFAULT NULL COMMENT '三级区域ID',
  PRIMARY KEY (`inst_id`)
) ENGINE=InnoDB AUTO_INCREMENT=3 DEFAULT CHARSET=utf8 COLLATE=utf8_unicode_ci;

/*Data for the table `classoa_institution` */

insert  into `classoa_institution`(`inst_id`,`name`,`region_id`) values (1,'dingding',NULL),(2,'testInstitution',NULL);

/*Table structure for table `classoa_operator` */

CREATE TABLE `classoa_operator` (
  `operator_id` int(10) NOT NULL AUTO_INCREMENT,
  `inst_id` int(10) NOT NULL,
  `user_name` varchar(20) COLLATE utf8_unicode_ci NOT NULL,
  `user_pwd` varchar(50) COLLATE utf8_unicode_ci NOT NULL,
  `is_super_admin` int(1) DEFAULT '1' COMMENT '1:是 0:不是',
  `role_id` int(10) DEFAULT NULL COMMENT '角色id',
  PRIMARY KEY (`operator_id`)
) ENGINE=InnoDB AUTO_INCREMENT=3 DEFAULT CHARSET=utf8 COLLATE=utf8_unicode_ci;

/*Data for the table `classoa_operator` */

insert  into `classoa_operator`(`operator_id`,`inst_id`,`user_name`,`user_pwd`,`is_super_admin`,`role_id`) values (1,1,'dddd','E10ADC3949BA59ABBE56E057F20F883E',1,NULL),(2,2,'test','96E79218965EB72C92A549DD5A330112',1,NULL);

/*Table structure for table `classoa_operator_login_log` */

CREATE TABLE `classoa_operator_login_log` (
  `id` int(10) NOT NULL AUTO_INCREMENT,
  `operator_id` int(10) NOT NULL,
  `login_time` varchar(25) COLLATE utf8_unicode_ci DEFAULT NULL,
  `ip` varchar(15) COLLATE utf8_unicode_ci DEFAULT NULL,
  PRIMARY KEY (`id`)
) ENGINE=InnoDB DEFAULT CHARSET=utf8 COLLATE=utf8_unicode_ci;

/*Data for the table `classoa_operator_login_log` */

/*Table structure for table `classoa_role` */

CREATE TABLE `classoa_role` (
  `role_id` int(10) NOT NULL AUTO_INCREMENT,
  `name` varchar(10) COLLATE utf8_unicode_ci NOT NULL,
  `code` varchar(10) COLLATE utf8_unicode_ci NOT NULL COMMENT '角色编码',
  PRIMARY KEY (`role_id`)
) ENGINE=InnoDB DEFAULT CHARSET=utf8 COLLATE=utf8_unicode_ci;

/*Data for the table `classoa_role` */

/*Table structure for table `classoa_student` */

CREATE TABLE `classoa_student` (
  `student_id` int(10) NOT NULL AUTO_INCREMENT COMMENT 'PK',
  `student_name` varchar(20) COLLATE utf8_unicode_ci NOT NULL,
  `pinyin` varchar(20) COLLATE utf8_unicode_ci DEFAULT NULL COMMENT '姓名拼音全拼',
  `gender` int(1) NOT NULL COMMENT '0:女 1:男',
  `grade` int(10) DEFAULT '0' COMMENT '年级',
  `school` varchar(20) COLLATE utf8_unicode_ci DEFAULT NULL COMMENT '学校',
  `remark` varchar(20) COLLATE utf8_unicode_ci DEFAULT NULL,
  `phone` varchar(20) COLLATE utf8_unicode_ci DEFAULT NULL,
  `balance` int(10) NOT NULL DEFAULT '0' COMMENT '余额',
  `status` int(1) NOT NULL DEFAULT '0' COMMENT '0 已咨询 1 删除 2 已报名 3 已结课',
  `inst_id` int(10) DEFAULT NULL,
  PRIMARY KEY (`student_id`)
) ENGINE=InnoDB AUTO_INCREMENT=46 DEFAULT CHARSET=utf8 COLLATE=utf8_unicode_ci;

/*Data for the table `classoa_student` */

insert  into `classoa_student`(`student_id`,`student_name`,`pinyin`,`gender`,`grade`,`school`,`remark`,`phone`,`balance`,`status`,`inst_id`) values (1,'张子欣','zhangzixin',0,0,'','','',0,2,1),(2,'王彦翔','wangyanxiang',0,0,'','','',0,2,1),(3,'戚子轩','qizixuan',0,0,'','','',0,2,1),(4,'王绎潼','wangyitong',0,0,'','','',0,2,1),(5,'桂高祥','guigaoxiang',0,0,'','','',0,2,1),(6,'陈语涵','chenyuhan',0,0,'','','',0,2,1),(7,'韩尚辰','hanshangchen',0,0,'','','',0,2,1),(8,'袁睦尧','yuanmuyao',0,0,'','','',0,2,1),(9,'张恬媛','zhangtianyuan',0,0,'','','',0,2,1),(10,'唐铭君','tangmingjun',0,0,'','','',0,2,1),(11,'徐晓晴','xuxiaoqing',0,0,'','','',0,2,1),(12,'李若溪','liruoxi',0,0,'','','',0,2,1),(13,'张嘉瑞','zhangjiarui',0,0,'','','',0,2,1),(14,'王思羽','wangsiyu',0,0,'','','',0,2,1),(15,'林子琪','linziqi',0,0,'','','',0,2,1),(16,'王梓俊','wangzijun',0,0,'','','',0,2,1),(17,'王绎潼','wangyitong',0,0,'','','',0,2,1),(18,'桂高祥','guigaoxiang',0,0,'','','',0,2,1),(19,'王清瑶','wangqingyao',0,0,'','','',0,2,1),(20,'王宇彤','wangyutong',0,0,'','','',0,2,1),(21,'朱雯熙','zhuwenxi',0,0,'','','',0,2,1),(22,'朱轩辰','zhuxuanchen',0,0,'','','',0,0,1),(23,'许乐妍','xuleyan',0,0,'','','',0,2,1),(24,'范明翰','fanminghan',1,0,'','','',0,2,1),(25,'李亦飞','liyifei',1,0,'','','',0,2,1),(26,'李牧骉','limubiao',1,0,'','','',0,2,1),(27,'鹿凯贺','lukaihe',1,0,'','','',0,2,1),(28,'封星羽','fengxingyu',0,0,'','','',0,2,1),(29,'林子琪','linziqi',0,0,'','','',0,2,1),(30,'高天宇','gaotianyu',1,0,'','','',0,2,1),(31,'李唯飒','liweisa',1,0,'','','',0,2,1),(32,'李紫彤','lizitong',0,0,'','','',0,2,1),(33,'张逸博','zhangyibo',1,0,'','','',0,2,1),(34,'郭芮彤','guoruitong',0,0,'','','',0,2,1),(35,'杨泽均','yangzejun',1,0,'','','',0,2,1),(36,'吴沛霖','wupeilin',1,0,'','','',0,2,1),(37,'李子睿','lizirui',1,0,'','','',0,2,1),(38,'吴若曦','wuruoxi',0,0,'','','',0,2,1),(39,'高瑞俊','gaoruijun',1,0,'','','',0,2,1),(40,'许俏含','xuqiaohan',0,0,'','','',0,2,1),(41,'冯熙雅','fengxiya',0,0,'','','',0,2,1),(42,'王一斐','wangyifei',0,0,'','','',0,2,1),(43,'杨雨凡','yangyufan',1,0,'','','',0,2,1),(44,'王兴烨','wangxingye',1,0,'','','',0,2,1);

/*Table structure for table `classoa_teacher` */

CREATE TABLE `classoa_teacher` (
  `teacher_id` int(10) NOT NULL AUTO_INCREMENT COMMENT 'PK',
  `name` varchar(10) COLLATE utf8_unicode_ci NOT NULL,
  `mobile` varchar(15) COLLATE utf8_unicode_ci DEFAULT NULL,
  `inst_id` int(10) DEFAULT NULL COMMENT 'FK_classoa_institute',
  `status` int(1) NOT NULL DEFAULT '0' COMMENT '0：正常 1：删除',
  PRIMARY KEY (`teacher_id`)
) ENGINE=InnoDB AUTO_INCREMENT=5 DEFAULT CHARSET=utf8 COLLATE=utf8_unicode_ci;

/*Data for the table `classoa_teacher` */

insert  into `classoa_teacher`(`teacher_id`,`name`,`mobile`,`inst_id`,`status`) values (1,'刘倩',NULL,1,0),(2,'纪年',NULL,1,0),(3,'中文',NULL,1,1),(4,'阮旻',NULL,1,0);

/*!40101 SET SQL_MODE=@OLD_SQL_MODE */;
/*!40014 SET UNIQUE_CHECKS=@OLD_UNIQUE_CHECKS */;
/*!40111 SET SQL_NOTES=@OLD_SQL_NOTES */;
