/*
SQLyog Ultimate v8.32 
MySQL - 5.5.20 : Database - classoa
*********************************************************************
*/

/*!40101 SET NAMES utf8 */;

/*!40101 SET SQL_MODE=''*/;

/*!40014 SET @OLD_UNIQUE_CHECKS=@@UNIQUE_CHECKS, UNIQUE_CHECKS=0 */;
/*!40014 SET @OLD_FOREIGN_KEY_CHECKS=@@FOREIGN_KEY_CHECKS, FOREIGN_KEY_CHECKS=0 */;
/*!40101 SET @OLD_SQL_MODE=@@SQL_MODE, SQL_MODE='NO_AUTO_VALUE_ON_ZERO' */;
/*!40111 SET @OLD_SQL_NOTES=@@SQL_NOTES, SQL_NOTES=0 */;
CREATE DATABASE /*!32312 IF NOT EXISTS*/`classoa` /*!40100 DEFAULT CHARACTER SET utf8 COLLATE utf8_unicode_ci */;

USE `classoa`;

/*Table structure for table `classoa_class` */

DROP TABLE IF EXISTS `classoa_class`;

CREATE TABLE `classoa_class` (
  `class_id` int(10) NOT NULL AUTO_INCREMENT,
  `class_name` varchar(30) COLLATE utf8_unicode_ci NOT NULL,
  `class_type_id` int(10) DEFAULT NULL COMMENT '关联class_type表',
  `tuition_per_class` int(10) DEFAULT NULL COMMENT '学费（1课/1人），到分',
  `start_date` varchar(10) COLLATE utf8_unicode_ci NOT NULL,
  `end_date` varchar(10) COLLATE utf8_unicode_ci NOT NULL,
  `teacher_id` int(10) NOT NULL,
  `classroom_id` int(10) NOT NULL,
  `remark` varchar(20) COLLATE utf8_unicode_ci DEFAULT NULL,
  `inst_id` int(10) NOT NULL,
  `status` int(1) NOT NULL DEFAULT '0',
  PRIMARY KEY (`class_id`)
) ENGINE=InnoDB AUTO_INCREMENT=26 DEFAULT CHARSET=utf8 COLLATE=utf8_unicode_ci;

/*Data for the table `classoa_class` */

insert  into `classoa_class`(`class_id`,`class_name`,`class_type_id`,`tuition_per_class`,`start_date`,`end_date`,`teacher_id`,`classroom_id`,`remark`,`inst_id`,`status`) values (21,'新概念1 5人',5,10000,'2016-05-01','2016-10-01',30,21,'士大夫',1,0),(22,'新概念2 10人',6,10000,'2016-05-01','2016-09-01',30,21,'uyghur',1,0),(24,'2424',31,NULL,'2016-05-01','2016-07-10',30,21,'',1,0),(25,'111',31,1000,'2016-05-01','2016-08-10',32,22,'',1,0);

/*Table structure for table `classoa_class_detail` */

DROP TABLE IF EXISTS `classoa_class_detail`;

CREATE TABLE `classoa_class_detail` (
  `class_detail_id` int(10) NOT NULL AUTO_INCREMENT,
  `date` varchar(10) COLLATE utf8_unicode_ci NOT NULL COMMENT '课程日期',
  `year` varchar(4) COLLATE utf8_unicode_ci NOT NULL COMMENT '2015',
  `month` varchar(2) COLLATE utf8_unicode_ci NOT NULL COMMENT '02',
  `day_of_week` int(1) NOT NULL COMMENT '星期几',
  `start_time` varchar(10) COLLATE utf8_unicode_ci NOT NULL COMMENT '课程开始时间 24小时制',
  `start_time_int` int(10) DEFAULT NULL,
  `end_time` varchar(10) COLLATE utf8_unicode_ci NOT NULL COMMENT '课程结束时间 24小时制',
  `teacher_id` int(10) NOT NULL,
  `classroom_id` int(10) NOT NULL,
  `class_id` int(10) NOT NULL,
  `inst_id` int(10) NOT NULL,
  `status` int(1) NOT NULL DEFAULT '0',
  PRIMARY KEY (`class_detail_id`)
) ENGINE=InnoDB AUTO_INCREMENT=273 DEFAULT CHARSET=utf8 COLLATE=utf8_unicode_ci;

/*Data for the table `classoa_class_detail` */

insert  into `classoa_class_detail`(`class_detail_id`,`date`,`year`,`month`,`day_of_week`,`start_time`,`start_time_int`,`end_time`,`teacher_id`,`classroom_id`,`class_id`,`inst_id`,`status`) values (44,'2016-05-23','2016','5',1,'7:00',700,'8:00',30,21,21,1,0),(45,'2016-05-25','2016','5',3,'9:30',930,'10:30',30,21,21,1,0),(46,'2016-05-30','2016','5',1,'7:00',700,'8:00',30,21,21,1,0),(47,'2016-06-01','2016','6',3,'9:30',930,'10:30',30,21,21,1,0),(48,'2016-06-06','2016','6',1,'7:00',700,'8:00',30,21,21,1,0),(49,'2016-06-08','2016','6',3,'9:30',930,'10:30',30,21,21,1,0),(50,'2016-06-13','2016','6',1,'7:00',700,'8:00',30,21,21,1,0),(51,'2016-06-15','2016','6',3,'9:30',930,'10:30',30,21,21,1,0),(52,'2016-06-20','2016','6',1,'7:00',700,'8:00',30,21,21,1,0),(53,'2016-06-22','2016','6',3,'9:30',930,'10:30',30,21,21,1,0),(54,'2016-06-27','2016','6',1,'7:00',700,'8:00',30,21,21,1,0),(55,'2016-06-29','2016','6',3,'9:30',930,'10:30',30,21,21,1,0),(56,'2016-07-04','2016','7',1,'7:00',700,'8:00',30,21,21,1,0),(57,'2016-07-06','2016','7',3,'9:30',930,'10:30',30,21,21,1,0),(58,'2016-07-11','2016','7',1,'7:00',700,'8:00',30,21,21,1,0),(59,'2016-07-13','2016','7',3,'9:30',930,'10:30',30,21,21,1,0),(60,'2016-07-18','2016','7',1,'7:00',700,'8:00',30,21,21,1,0),(61,'2016-07-20','2016','7',3,'9:30',930,'10:30',30,21,21,1,0),(62,'2016-07-25','2016','7',1,'7:00',700,'8:00',30,21,21,1,0),(63,'2016-07-27','2016','7',3,'9:30',930,'10:30',30,21,21,1,0),(64,'2016-08-01','2016','8',1,'7:00',700,'8:00',30,21,21,1,0),(65,'2016-08-03','2016','8',3,'9:30',930,'10:30',30,21,21,1,0),(66,'2016-08-08','2016','8',1,'7:00',700,'8:00',30,21,21,1,0),(67,'2016-08-10','2016','8',3,'9:30',930,'10:30',30,21,21,1,0),(68,'2016-08-15','2016','8',1,'7:00',700,'8:00',30,21,21,1,0),(69,'2016-08-17','2016','8',3,'9:30',930,'10:30',30,21,21,1,0),(70,'2016-08-22','2016','8',1,'7:00',700,'8:00',30,21,21,1,0),(71,'2016-08-24','2016','8',3,'9:30',930,'10:30',30,21,21,1,0),(72,'2016-08-29','2016','8',1,'7:00',700,'8:00',30,21,21,1,0),(73,'2016-08-31','2016','8',3,'9:30',930,'10:30',30,21,21,1,0),(74,'2016-09-05','2016','9',1,'7:00',700,'8:00',30,21,21,1,0),(75,'2016-09-07','2016','9',3,'9:30',930,'10:30',30,21,21,1,0),(76,'2016-09-12','2016','9',1,'7:00',700,'8:00',30,21,21,1,0),(77,'2016-09-14','2016','9',3,'9:30',930,'10:30',30,21,21,1,0),(78,'2016-09-19','2016','9',1,'7:00',700,'8:00',30,21,21,1,0),(79,'2016-09-21','2016','9',3,'9:30',930,'10:30',30,21,21,1,0),(80,'2016-09-26','2016','9',1,'7:00',700,'8:00',30,21,21,1,0),(81,'2016-09-28','2016','9',3,'9:30',930,'10:30',30,21,21,1,0),(82,'2016-06-01','2016','6',3,'13:00',1300,'13:00',30,21,22,1,1),(83,'2016-06-03','2016','6',5,'16:00',1600,'18:00',30,21,22,1,0),(84,'2016-06-06','2016','6',1,'9:00',900,'11:00',30,21,22,1,0),(85,'2016-06-08','2016','6',3,'13:00',1300,'13:00',30,21,22,1,0),(86,'2016-06-10','2016','6',5,'16:00',1600,'18:00',30,21,22,1,0),(87,'2016-06-13','2016','6',1,'9:00',900,'11:00',30,21,22,1,0),(88,'2016-06-15','2016','6',3,'13:00',1300,'13:00',30,21,22,1,0),(89,'2016-06-17','2016','6',5,'16:00',1600,'18:00',30,21,22,1,0),(90,'2016-06-20','2016','6',1,'9:00',900,'11:00',30,21,22,1,0),(91,'2016-06-22','2016','6',3,'13:00',1300,'13:00',30,21,22,1,0),(92,'2016-06-24','2016','6',5,'16:00',1600,'18:00',30,21,22,1,0),(93,'2016-06-27','2016','6',1,'9:00',900,'11:00',30,21,22,1,0),(94,'2016-06-29','2016','6',3,'13:00',1300,'13:00',30,21,22,1,0),(95,'2016-07-01','2016','7',5,'16:00',1600,'18:00',30,21,22,1,0),(96,'2016-07-04','2016','7',1,'9:00',900,'11:00',30,21,22,1,0),(97,'2016-07-06','2016','7',3,'13:00',1300,'13:00',30,21,22,1,0),(98,'2016-07-08','2016','7',5,'16:00',1600,'18:00',30,21,22,1,0),(99,'2016-07-11','2016','7',1,'9:00',900,'11:00',30,21,22,1,0),(100,'2016-07-13','2016','7',3,'13:00',1300,'13:00',30,21,22,1,0),(101,'2016-07-15','2016','7',5,'16:00',1600,'18:00',30,21,22,1,0),(102,'2016-07-18','2016','7',1,'9:00',900,'11:00',30,21,22,1,0),(103,'2016-07-20','2016','7',3,'13:00',1300,'13:00',30,21,22,1,0),(104,'2016-07-22','2016','7',5,'16:00',1600,'18:00',30,21,22,1,0),(105,'2016-07-25','2016','7',1,'9:00',900,'11:00',30,21,22,1,0),(106,'2016-07-27','2016','7',3,'13:00',1300,'13:00',30,21,22,1,0),(107,'2016-07-29','2016','7',5,'16:00',1600,'18:00',30,21,22,1,0),(108,'2016-08-01','2016','8',1,'9:00',900,'11:00',30,21,22,1,0),(109,'2016-08-03','2016','8',3,'13:00',1300,'13:00',30,21,22,1,0),(110,'2016-08-05','2016','8',5,'16:00',1600,'18:00',30,21,22,1,0),(111,'2016-08-08','2016','8',1,'9:00',900,'11:00',30,21,22,1,0),(112,'2016-08-10','2016','8',3,'13:00',1300,'13:00',30,21,22,1,0),(113,'2016-08-12','2016','8',5,'16:00',1600,'18:00',30,21,22,1,0),(114,'2016-08-15','2016','8',1,'9:00',900,'11:00',30,21,22,1,0),(115,'2016-08-17','2016','8',3,'13:00',1300,'13:00',30,21,22,1,0),(116,'2016-08-19','2016','8',5,'16:00',1600,'18:00',30,21,22,1,0),(117,'2016-08-22','2016','8',1,'9:00',900,'11:00',30,21,22,1,0),(118,'2016-08-24','2016','8',3,'13:00',1300,'13:00',30,21,22,1,0),(119,'2016-08-26','2016','8',5,'16:00',1600,'18:00',30,21,22,1,0),(120,'2016-08-29','2016','8',1,'9:00',900,'11:00',30,21,22,1,0),(121,'2016-08-31','2016','8',3,'13:00',1300,'13:00',30,21,22,1,0),(122,'2016-09-02','2016','9',5,'16:00',1600,'18:00',30,21,22,1,0),(123,'2016-09-05','2016','9',1,'9:00',900,'11:00',30,21,22,1,0),(124,'2016-09-07','2016','9',3,'13:00',1300,'13:00',30,21,22,1,0),(125,'2016-09-09','2016','9',5,'16:00',1600,'18:00',30,21,22,1,0),(126,'2016-09-12','2016','9',1,'9:00',900,'11:00',30,21,22,1,0),(127,'2016-09-14','2016','9',3,'13:00',1300,'13:00',30,21,22,1,0),(128,'2016-09-16','2016','9',5,'16:00',1600,'18:00',30,21,22,1,0),(129,'2016-09-19','2016','9',1,'9:00',900,'11:00',30,21,22,1,0),(130,'2016-09-21','2016','9',3,'13:00',1300,'13:00',30,21,22,1,0),(131,'2016-09-23','2016','9',5,'16:00',1600,'18:00',30,21,22,1,0),(132,'2016-09-26','2016','9',1,'9:00',900,'11:00',30,21,22,1,0),(133,'2016-09-28','2016','9',3,'13:00',1300,'13:00',30,21,22,1,0),(134,'2016-09-30','2016','9',5,'16:00',1600,'18:00',30,21,22,1,0),(135,'2016-10-03','2016','10',1,'9:00',900,'11:00',30,21,22,1,0),(136,'2016-10-05','2016','10',3,'13:00',1300,'13:00',30,21,22,1,0),(137,'2016-10-07','2016','10',5,'16:00',1600,'18:00',30,21,22,1,0),(138,'2016-10-10','2016','10',1,'9:00',900,'11:00',30,21,22,1,0),(139,'2016-10-12','2016','10',3,'13:00',1300,'13:00',30,21,22,1,0),(140,'2016-10-14','2016','10',5,'16:00',1600,'18:00',30,21,22,1,0),(141,'2016-10-17','2016','10',1,'9:00',900,'11:00',30,21,22,1,0),(142,'2016-10-19','2016','10',3,'13:00',1300,'13:00',30,21,22,1,0),(143,'2016-10-21','2016','10',5,'16:00',1600,'18:00',30,21,22,1,0),(144,'2016-10-24','2016','10',1,'9:00',900,'11:00',30,21,22,1,0),(145,'2016-10-26','2016','10',3,'13:00',1300,'13:00',30,21,22,1,0),(146,'2016-10-28','2016','10',5,'16:00',1600,'18:00',30,21,22,1,0),(147,'2016-10-31','2016','10',1,'9:00',900,'11:00',30,21,22,1,0),(148,'2016-11-02','2016','11',3,'13:00',1300,'13:00',30,21,22,1,0),(149,'2016-11-04','2016','11',5,'16:00',1600,'18:00',30,21,22,1,0),(150,'2016-11-07','2016','11',1,'9:00',900,'11:00',30,21,22,1,0),(151,'2016-11-09','2016','11',3,'13:00',1300,'13:00',30,21,22,1,0),(152,'2016-11-11','2016','11',5,'16:00',1600,'18:00',30,21,22,1,0),(153,'2016-11-14','2016','11',1,'9:00',900,'11:00',30,21,22,1,0),(154,'2016-11-16','2016','11',3,'13:00',1300,'13:00',30,21,22,1,0),(155,'2016-11-18','2016','11',5,'16:00',1600,'18:00',30,21,22,1,0),(156,'2016-11-21','2016','11',1,'9:00',900,'11:00',30,21,22,1,0),(157,'2016-11-23','2016','11',3,'13:00',1300,'13:00',30,21,22,1,0),(158,'2016-11-25','2016','11',5,'16:00',1600,'18:00',30,21,22,1,0),(159,'2016-11-28','2016','11',1,'9:00',900,'11:00',30,21,22,1,0),(238,'2016-05-02','2016','5',1,'7:30',730,'8:30',30,21,24,1,0),(239,'2016-05-03','2016','5',2,'20:00',2000,'21:00',30,21,24,1,0),(240,'2016-05-09','2016','5',1,'7:30',730,'8:30',30,21,24,1,0),(241,'2016-05-10','2016','5',2,'20:00',2000,'21:00',30,21,24,1,0),(242,'2016-05-16','2016','5',1,'7:30',730,'8:30',30,21,24,1,0),(243,'2016-05-17','2016','5',2,'20:00',2000,'21:00',30,21,24,1,0),(244,'2016-05-23','2016','5',1,'7:30',730,'8:30',30,21,24,1,0),(245,'2016-05-24','2016','5',2,'20:00',2000,'21:00',30,21,24,1,0),(246,'2016-05-30','2016','5',1,'7:30',730,'8:30',30,21,24,1,0),(247,'2016-05-31','2016','5',2,'20:00',2000,'21:00',30,21,24,1,0),(248,'2016-06-06','2016','6',1,'7:30',730,'8:30',30,21,24,1,0),(249,'2016-06-07','2016','6',2,'20:00',2000,'21:00',30,21,24,1,0),(250,'2016-06-13','2016','6',1,'7:30',730,'8:30',30,21,24,1,0),(251,'2016-06-14','2016','6',2,'20:00',2000,'21:00',30,21,24,1,0),(252,'2016-06-20','2016','6',1,'7:30',730,'8:30',30,21,24,1,0),(253,'2016-06-21','2016','6',2,'20:00',2000,'21:00',30,21,24,1,0),(254,'2016-06-27','2016','6',1,'7:30',730,'8:30',30,21,24,1,0),(255,'2016-06-28','2016','6',2,'20:00',2000,'21:00',30,21,24,1,0),(256,'2016-07-04','2016','7',1,'7:30',730,'8:30',30,21,24,1,0),(257,'2016-07-05','2016','7',2,'20:00',2000,'21:00',30,21,24,1,0),(258,'2016-05-02','2016','5',1,'7:00',700,'9:00',32,22,25,1,0),(259,'2016-05-09','2016','5',1,'7:00',700,'9:00',32,22,25,1,0),(260,'2016-05-16','2016','5',1,'7:00',700,'9:00',32,22,25,1,0),(261,'2016-05-23','2016','5',1,'7:00',700,'9:00',32,22,25,1,0),(262,'2016-05-30','2016','5',1,'7:00',700,'9:00',32,22,25,1,0),(263,'2016-06-06','2016','6',1,'7:00',700,'9:00',32,22,25,1,0),(264,'2016-06-13','2016','6',1,'7:00',700,'9:00',32,22,25,1,0),(265,'2016-06-20','2016','6',1,'7:00',700,'9:00',32,22,25,1,0),(266,'2016-06-27','2016','6',1,'7:00',700,'9:00',32,22,25,1,0),(267,'2016-07-04','2016','7',1,'7:00',700,'9:00',32,22,25,1,0),(268,'2016-07-11','2016','7',1,'7:00',700,'9:00',32,22,25,1,0),(269,'2016-07-18','2016','7',1,'7:00',700,'9:00',32,22,25,1,0),(270,'2016-07-25','2016','7',1,'7:00',700,'9:00',32,22,25,1,0),(271,'2016-08-01','2016','8',1,'7:00',700,'9:00',32,22,25,1,0),(272,'2016-08-08','2016','8',1,'7:00',700,'9:00',32,22,25,1,0);

/*Table structure for table `classoa_class_detail_student_rela` */

DROP TABLE IF EXISTS `classoa_class_detail_student_rela`;

CREATE TABLE `classoa_class_detail_student_rela` (
  `id` int(10) NOT NULL AUTO_INCREMENT,
  `class_detail_id` int(10) NOT NULL,
  `class_id` int(10) NOT NULL,
  `student_id` int(10) NOT NULL,
  `tuition_per_class` int(10) DEFAULT NULL COMMENT '学费（1课/1人），精确到分',
  `is_absent` int(1) DEFAULT '0' COMMENT '0：上课 1：缺勤',
  `inst_id` int(10) NOT NULL,
  `status` int(1) NOT NULL DEFAULT '0',
  PRIMARY KEY (`id`)
) ENGINE=InnoDB AUTO_INCREMENT=2133 DEFAULT CHARSET=utf8 COLLATE=utf8_unicode_ci;

/*Data for the table `classoa_class_detail_student_rela` */

insert  into `classoa_class_detail_student_rela`(`id`,`class_detail_id`,`class_id`,`student_id`,`tuition_per_class`,`is_absent`,`inst_id`,`status`) values (253,44,21,18,1000,0,1,0),(254,44,21,17,1000,0,1,0),(255,44,21,16,1000,0,1,0),(256,44,21,9,1000,0,1,0),(257,44,21,8,1000,0,1,0),(258,45,21,18,1000,0,1,0),(259,45,21,17,1000,0,1,0),(260,45,21,16,1000,0,1,0),(261,45,21,9,1000,0,1,0),(262,45,21,8,1000,0,1,0),(263,46,21,18,1000,0,1,0),(264,46,21,17,1000,0,1,0),(265,46,21,16,1000,0,1,0),(266,46,21,9,1000,0,1,0),(267,46,21,8,1000,0,1,0),(268,47,21,18,1000,0,1,0),(269,47,21,17,1000,0,1,0),(270,47,21,16,1000,0,1,0),(271,47,21,9,1000,0,1,0),(272,47,21,8,1000,0,1,0),(273,48,21,18,1000,0,1,0),(274,48,21,17,1000,0,1,0),(275,48,21,16,1000,0,1,0),(276,48,21,9,1000,0,1,0),(277,48,21,8,1000,0,1,0),(278,49,21,18,1000,0,1,0),(279,49,21,17,1000,1,1,0),(280,49,21,16,1000,0,1,0),(281,49,21,9,1000,0,1,0),(282,49,21,8,1000,0,1,0),(283,50,21,18,1000,0,1,0),(284,50,21,17,1000,0,1,0),(285,50,21,16,1000,0,1,0),(286,50,21,9,1000,0,1,0),(287,50,21,8,1000,0,1,0),(288,51,21,18,1000,0,1,0),(289,51,21,17,1000,0,1,0),(290,51,21,16,1000,0,1,0),(291,51,21,9,1000,0,1,0),(292,51,21,8,1000,0,1,0),(293,52,21,18,1000,0,1,0),(294,52,21,17,1000,0,1,0),(295,52,21,16,1000,0,1,0),(296,52,21,9,1000,0,1,0),(297,52,21,8,1000,0,1,0),(298,53,21,18,1000,0,1,0),(299,53,21,17,1000,0,1,0),(300,53,21,16,1000,0,1,0),(301,53,21,9,1000,0,1,0),(302,53,21,8,1000,0,1,0),(303,54,21,18,1000,0,1,0),(304,54,21,17,1000,0,1,0),(305,54,21,16,1000,0,1,0),(306,54,21,9,1000,0,1,0),(307,54,21,8,1000,0,1,0),(308,55,21,18,1000,0,1,0),(309,55,21,17,1000,0,1,0),(310,55,21,16,1000,0,1,0),(311,55,21,9,1000,0,1,0),(312,55,21,8,1000,0,1,0),(313,56,21,18,1000,0,1,0),(314,56,21,17,1000,0,1,0),(315,56,21,16,1000,0,1,0),(316,56,21,9,1000,0,1,0),(317,56,21,8,1000,0,1,0),(318,57,21,18,1000,0,1,0),(319,57,21,17,1000,0,1,0),(320,57,21,16,1000,0,1,0),(321,57,21,9,1000,0,1,0),(322,57,21,8,1000,0,1,0),(323,58,21,18,1000,0,1,0),(324,58,21,17,1000,0,1,0),(325,58,21,16,1000,0,1,0),(326,58,21,9,1000,0,1,0),(327,58,21,8,1000,0,1,0),(328,59,21,18,1000,0,1,0),(329,59,21,17,1000,0,1,0),(330,59,21,16,1000,0,1,0),(331,59,21,9,1000,0,1,0),(332,59,21,8,1000,0,1,0),(333,60,21,18,1000,0,1,0),(334,60,21,17,1000,0,1,0),(335,60,21,16,1000,0,1,0),(336,60,21,9,1000,0,1,0),(337,60,21,8,1000,0,1,0),(338,61,21,18,1000,0,1,0),(339,61,21,17,1000,0,1,0),(340,61,21,16,1000,0,1,0),(341,61,21,9,1000,0,1,0),(342,61,21,8,1000,0,1,0),(343,62,21,18,1000,0,1,0),(344,62,21,17,1000,0,1,0),(345,62,21,16,1000,0,1,0),(346,62,21,9,1000,0,1,0),(347,62,21,8,1000,0,1,0),(348,63,21,18,1000,0,1,0),(349,63,21,17,1000,0,1,0),(350,63,21,16,1000,0,1,0),(351,63,21,9,1000,0,1,0),(352,63,21,8,1000,0,1,0),(353,64,21,18,1000,0,1,0),(354,64,21,17,1000,0,1,0),(355,64,21,16,1000,0,1,0),(356,64,21,9,1000,0,1,0),(357,64,21,8,1000,0,1,0),(358,65,21,18,1000,0,1,0),(359,65,21,17,1000,0,1,0),(360,65,21,16,1000,0,1,0),(361,65,21,9,1000,0,1,0),(362,65,21,8,1000,0,1,0),(363,66,21,18,1000,0,1,0),(364,66,21,17,1000,0,1,0),(365,66,21,16,1000,0,1,0),(366,66,21,9,1000,0,1,0),(367,66,21,8,1000,0,1,0),(368,67,21,18,1000,0,1,0),(369,67,21,17,1000,0,1,0),(370,67,21,16,1000,0,1,0),(371,67,21,9,1000,0,1,0),(372,67,21,8,1000,0,1,0),(373,68,21,18,1000,0,1,0),(374,68,21,17,1000,0,1,0),(375,68,21,16,1000,0,1,0),(376,68,21,9,1000,0,1,0),(377,68,21,8,1000,0,1,0),(378,69,21,18,1000,0,1,0),(379,69,21,17,1000,0,1,0),(380,69,21,16,1000,0,1,0),(381,69,21,9,1000,0,1,0),(382,69,21,8,1000,0,1,0),(383,70,21,18,1000,0,1,0),(384,70,21,17,1000,0,1,0),(385,70,21,16,1000,0,1,0),(386,70,21,9,1000,0,1,0),(387,70,21,8,1000,0,1,0),(388,71,21,18,1000,0,1,0),(389,71,21,17,1000,0,1,0),(390,71,21,16,1000,0,1,0),(391,71,21,9,1000,0,1,0),(392,71,21,8,1000,0,1,0),(393,72,21,18,1000,0,1,0),(394,72,21,17,1000,0,1,0),(395,72,21,16,1000,0,1,0),(396,72,21,9,1000,0,1,0),(397,72,21,8,1000,0,1,0),(398,73,21,18,1000,0,1,0),(399,73,21,17,1000,0,1,0),(400,73,21,16,1000,0,1,0),(401,73,21,9,1000,0,1,0),(402,73,21,8,1000,0,1,0),(403,74,21,18,1000,0,1,0),(404,74,21,17,1000,0,1,0),(405,74,21,16,1000,0,1,0),(406,74,21,9,1000,0,1,0),(407,74,21,8,1000,0,1,0),(408,75,21,18,1000,0,1,0),(409,75,21,17,1000,0,1,0),(410,75,21,16,1000,0,1,0),(411,75,21,9,1000,0,1,0),(412,75,21,8,1000,0,1,0),(413,76,21,18,1000,0,1,0),(414,76,21,17,1000,0,1,0),(415,76,21,16,1000,0,1,0),(416,76,21,9,1000,0,1,0),(417,76,21,8,1000,0,1,0),(418,77,21,18,1000,0,1,0),(419,77,21,17,1000,0,1,0),(420,77,21,16,1000,0,1,0),(421,77,21,9,1000,0,1,0),(422,77,21,8,1000,0,1,0),(423,78,21,18,1000,0,1,0),(424,78,21,17,1000,0,1,0),(425,78,21,16,1000,0,1,0),(426,78,21,9,1000,0,1,0),(427,78,21,8,1000,0,1,0),(428,79,21,18,1000,0,1,0),(429,79,21,17,1000,0,1,0),(430,79,21,16,1000,0,1,0),(431,79,21,9,1000,0,1,0),(432,79,21,8,1000,0,1,0),(433,80,21,18,1000,0,1,0),(434,80,21,17,1000,0,1,0),(435,80,21,16,1000,0,1,0),(436,80,21,9,1000,0,1,0),(437,80,21,8,1000,0,1,0),(438,81,21,18,1000,0,1,0),(439,81,21,17,1000,0,1,0),(440,81,21,16,1000,0,1,0),(441,81,21,9,1000,0,1,0),(442,81,21,8,1000,0,1,0),(443,82,22,18,1000,0,1,0),(444,82,22,17,1000,0,1,0),(445,82,22,16,1000,0,1,0),(446,82,22,15,1000,0,1,0),(447,82,22,14,1000,0,1,0),(448,82,22,9,1000,0,1,0),(449,82,22,8,1000,0,1,0),(450,82,22,7,1000,0,1,0),(451,82,22,6,1000,0,1,0),(452,82,22,5,1000,0,1,0),(453,83,22,18,1000,0,1,0),(454,83,22,17,1000,0,1,0),(455,83,22,16,1000,0,1,0),(456,83,22,15,1000,0,1,0),(457,83,22,14,1000,0,1,0),(458,83,22,9,1000,0,1,0),(459,83,22,8,1000,0,1,0),(460,83,22,7,1000,0,1,0),(461,83,22,6,1000,0,1,0),(462,83,22,5,1000,0,1,0),(463,84,22,18,1000,0,1,0),(464,84,22,17,1000,0,1,0),(465,84,22,16,1000,0,1,0),(466,84,22,15,1000,0,1,0),(467,84,22,14,1000,0,1,0),(468,84,22,9,1000,0,1,0),(469,84,22,8,1000,0,1,0),(470,84,22,7,1000,0,1,0),(471,84,22,6,1000,0,1,0),(472,84,22,5,1000,0,1,0),(473,85,22,18,1000,0,1,0),(474,85,22,17,1000,0,1,0),(475,85,22,16,1000,0,1,0),(476,85,22,15,1000,0,1,0),(477,85,22,14,1000,0,1,0),(478,85,22,9,1000,0,1,0),(479,85,22,8,1000,0,1,0),(480,85,22,7,1000,0,1,0),(481,85,22,6,1000,0,1,0),(482,85,22,5,1000,0,1,0),(483,86,22,18,1000,0,1,0),(484,86,22,17,1000,0,1,0),(485,86,22,16,1000,0,1,0),(486,86,22,15,1000,0,1,0),(487,86,22,14,1000,0,1,0),(488,86,22,9,1000,0,1,0),(489,86,22,8,1000,0,1,0),(490,86,22,7,1000,0,1,0),(491,86,22,6,1000,0,1,0),(492,86,22,5,1000,0,1,0),(493,87,22,18,1000,0,1,0),(494,87,22,17,1000,0,1,0),(495,87,22,16,1000,0,1,0),(496,87,22,15,1000,0,1,0),(497,87,22,14,1000,0,1,0),(498,87,22,9,1000,0,1,0),(499,87,22,8,1000,0,1,0),(500,87,22,7,1000,0,1,0),(501,87,22,6,1000,0,1,0),(502,87,22,5,1000,0,1,0),(503,88,22,18,1000,0,1,0),(504,88,22,17,1000,0,1,0),(505,88,22,16,1000,0,1,0),(506,88,22,15,1000,0,1,0),(507,88,22,14,1000,0,1,0),(508,88,22,9,1000,0,1,0),(509,88,22,8,1000,0,1,0),(510,88,22,7,1000,0,1,0),(511,88,22,6,1000,0,1,0),(512,88,22,5,1000,0,1,0),(513,89,22,18,1000,0,1,0),(514,89,22,17,1000,0,1,0),(515,89,22,16,1000,0,1,0),(516,89,22,15,1000,0,1,0),(517,89,22,14,1000,0,1,0),(518,89,22,9,1000,0,1,0),(519,89,22,8,1000,0,1,0),(520,89,22,7,1000,0,1,0),(521,89,22,6,1000,0,1,0),(522,89,22,5,1000,0,1,0),(523,90,22,18,1000,0,1,0),(524,90,22,17,1000,0,1,0),(525,90,22,16,1000,0,1,0),(526,90,22,15,1000,0,1,0),(527,90,22,14,1000,0,1,0),(528,90,22,9,1000,0,1,0),(529,90,22,8,1000,0,1,0),(530,90,22,7,1000,0,1,0),(531,90,22,6,1000,0,1,0),(532,90,22,5,1000,0,1,0),(533,91,22,18,1000,0,1,0),(534,91,22,17,1000,0,1,0),(535,91,22,16,1000,0,1,0),(536,91,22,15,1000,0,1,0),(537,91,22,14,1000,0,1,0),(538,91,22,9,1000,0,1,0),(539,91,22,8,1000,0,1,0),(540,91,22,7,1000,0,1,0),(541,91,22,6,1000,0,1,0),(542,91,22,5,1000,0,1,0),(543,92,22,18,1000,0,1,0),(544,92,22,17,1000,0,1,0),(545,92,22,16,1000,0,1,0),(546,92,22,15,1000,0,1,0),(547,92,22,14,1000,0,1,0),(548,92,22,9,1000,0,1,0),(549,92,22,8,1000,0,1,0),(550,92,22,7,1000,0,1,0),(551,92,22,6,1000,0,1,0),(552,92,22,5,1000,0,1,0),(553,93,22,18,1000,0,1,0),(554,93,22,17,1000,0,1,0),(555,93,22,16,1000,0,1,0),(556,93,22,15,1000,0,1,0),(557,93,22,14,1000,0,1,0),(558,93,22,9,1000,0,1,0),(559,93,22,8,1000,0,1,0),(560,93,22,7,1000,0,1,0),(561,93,22,6,1000,0,1,0),(562,93,22,5,1000,0,1,0),(563,94,22,18,1000,0,1,0),(564,94,22,17,1000,0,1,0),(565,94,22,16,1000,0,1,0),(566,94,22,15,1000,0,1,0),(567,94,22,14,1000,0,1,0),(568,94,22,9,1000,0,1,0),(569,94,22,8,1000,0,1,0),(570,94,22,7,1000,0,1,0),(571,94,22,6,1000,0,1,0),(572,94,22,5,1000,0,1,0),(573,95,22,18,1000,0,1,0),(574,95,22,17,1000,0,1,0),(575,95,22,16,1000,0,1,0),(576,95,22,15,1000,0,1,0),(577,95,22,14,1000,0,1,0),(578,95,22,9,1000,0,1,0),(579,95,22,8,1000,0,1,0),(580,95,22,7,1000,0,1,0),(581,95,22,6,1000,0,1,0),(582,95,22,5,1000,0,1,0),(583,96,22,18,1000,0,1,0),(584,96,22,17,1000,0,1,0),(585,96,22,16,1000,0,1,0),(586,96,22,15,1000,0,1,0),(587,96,22,14,1000,0,1,0),(588,96,22,9,1000,0,1,0),(589,96,22,8,1000,0,1,0),(590,96,22,7,1000,0,1,0),(591,96,22,6,1000,0,1,0),(592,96,22,5,1000,0,1,0),(593,97,22,18,1000,0,1,0),(594,97,22,17,1000,0,1,0),(595,97,22,16,1000,0,1,0),(596,97,22,15,1000,0,1,0),(597,97,22,14,1000,0,1,0),(598,97,22,9,1000,0,1,0),(599,97,22,8,1000,0,1,0),(600,97,22,7,1000,0,1,0),(601,97,22,6,1000,0,1,0),(602,97,22,5,1000,0,1,0),(603,98,22,18,1000,0,1,0),(604,98,22,17,1000,0,1,0),(605,98,22,16,1000,0,1,0),(606,98,22,15,1000,0,1,0),(607,98,22,14,1000,0,1,0),(608,98,22,9,1000,0,1,0),(609,98,22,8,1000,0,1,0),(610,98,22,7,1000,0,1,0),(611,98,22,6,1000,0,1,0),(612,98,22,5,1000,0,1,0),(613,99,22,18,1000,0,1,0),(614,99,22,17,1000,0,1,0),(615,99,22,16,1000,0,1,0),(616,99,22,15,1000,0,1,0),(617,99,22,14,1000,0,1,0),(618,99,22,9,1000,0,1,0),(619,99,22,8,1000,0,1,0),(620,99,22,7,1000,0,1,0),(621,99,22,6,1000,0,1,0),(622,99,22,5,1000,0,1,0),(623,100,22,18,1000,0,1,0),(624,100,22,17,1000,0,1,0),(625,100,22,16,1000,0,1,0),(626,100,22,15,1000,0,1,0),(627,100,22,14,1000,0,1,0),(628,100,22,9,1000,0,1,0),(629,100,22,8,1000,0,1,0),(630,100,22,7,1000,0,1,0),(631,100,22,6,1000,0,1,0),(632,100,22,5,1000,0,1,0),(633,101,22,18,1000,0,1,0),(634,101,22,17,1000,0,1,0),(635,101,22,16,1000,0,1,0),(636,101,22,15,1000,0,1,0),(637,101,22,14,1000,0,1,0),(638,101,22,9,1000,0,1,0),(639,101,22,8,1000,0,1,0),(640,101,22,7,1000,0,1,0),(641,101,22,6,1000,0,1,0),(642,101,22,5,1000,0,1,0),(643,102,22,18,1000,0,1,0),(644,102,22,17,1000,0,1,0),(645,102,22,16,1000,0,1,0),(646,102,22,15,1000,0,1,0),(647,102,22,14,1000,0,1,0),(648,102,22,9,1000,0,1,0),(649,102,22,8,1000,0,1,0),(650,102,22,7,1000,0,1,0),(651,102,22,6,1000,0,1,0),(652,102,22,5,1000,0,1,0),(653,103,22,18,1000,0,1,0),(654,103,22,17,1000,0,1,0),(655,103,22,16,1000,0,1,0),(656,103,22,15,1000,0,1,0),(657,103,22,14,1000,0,1,0),(658,103,22,9,1000,0,1,0),(659,103,22,8,1000,0,1,0),(660,103,22,7,1000,0,1,0),(661,103,22,6,1000,0,1,0),(662,103,22,5,1000,0,1,0),(663,104,22,18,1000,0,1,0),(664,104,22,17,1000,0,1,0),(665,104,22,16,1000,0,1,0),(666,104,22,15,1000,0,1,0),(667,104,22,14,1000,0,1,0),(668,104,22,9,1000,0,1,0),(669,104,22,8,1000,0,1,0),(670,104,22,7,1000,0,1,0),(671,104,22,6,1000,0,1,0),(672,104,22,5,1000,0,1,0),(673,105,22,18,1000,0,1,0),(674,105,22,17,1000,0,1,0),(675,105,22,16,1000,0,1,0),(676,105,22,15,1000,0,1,0),(677,105,22,14,1000,0,1,0),(678,105,22,9,1000,0,1,0),(679,105,22,8,1000,0,1,0),(680,105,22,7,1000,0,1,0),(681,105,22,6,1000,0,1,0),(682,105,22,5,1000,0,1,0),(683,106,22,18,1000,0,1,0),(684,106,22,17,1000,0,1,0),(685,106,22,16,1000,0,1,0),(686,106,22,15,1000,0,1,0),(687,106,22,14,1000,0,1,0),(688,106,22,9,1000,0,1,0),(689,106,22,8,1000,0,1,0),(690,106,22,7,1000,0,1,0),(691,106,22,6,1000,0,1,0),(692,106,22,5,1000,0,1,0),(693,107,22,18,1000,0,1,0),(694,107,22,17,1000,0,1,0),(695,107,22,16,1000,0,1,0),(696,107,22,15,1000,0,1,0),(697,107,22,14,1000,0,1,0),(698,107,22,9,1000,0,1,0),(699,107,22,8,1000,0,1,0),(700,107,22,7,1000,0,1,0),(701,107,22,6,1000,0,1,0),(702,107,22,5,1000,0,1,0),(703,108,22,18,1000,0,1,0),(704,108,22,17,1000,0,1,0),(705,108,22,16,1000,0,1,0),(706,108,22,15,1000,0,1,0),(707,108,22,14,1000,0,1,0),(708,108,22,9,1000,0,1,0),(709,108,22,8,1000,0,1,0),(710,108,22,7,1000,0,1,0),(711,108,22,6,1000,0,1,0),(712,108,22,5,1000,0,1,0),(713,109,22,18,1000,0,1,0),(714,109,22,17,1000,0,1,0),(715,109,22,16,1000,0,1,0),(716,109,22,15,1000,0,1,0),(717,109,22,14,1000,0,1,0),(718,109,22,9,1000,0,1,0),(719,109,22,8,1000,0,1,0),(720,109,22,7,1000,0,1,0),(721,109,22,6,1000,0,1,0),(722,109,22,5,1000,0,1,0),(723,110,22,18,1000,0,1,0),(724,110,22,17,1000,0,1,0),(725,110,22,16,1000,0,1,0),(726,110,22,15,1000,0,1,0),(727,110,22,14,1000,0,1,0),(728,110,22,9,1000,0,1,0),(729,110,22,8,1000,0,1,0),(730,110,22,7,1000,0,1,0),(731,110,22,6,1000,0,1,0),(732,110,22,5,1000,0,1,0),(733,111,22,18,1000,0,1,0),(734,111,22,17,1000,0,1,0),(735,111,22,16,1000,0,1,0),(736,111,22,15,1000,0,1,0),(737,111,22,14,1000,0,1,0),(738,111,22,9,1000,0,1,0),(739,111,22,8,1000,0,1,0),(740,111,22,7,1000,0,1,0),(741,111,22,6,1000,0,1,0),(742,111,22,5,1000,0,1,0),(743,112,22,18,1000,0,1,0),(744,112,22,17,1000,0,1,0),(745,112,22,16,1000,0,1,0),(746,112,22,15,1000,0,1,0),(747,112,22,14,1000,0,1,0),(748,112,22,9,1000,0,1,0),(749,112,22,8,1000,0,1,0),(750,112,22,7,1000,0,1,0),(751,112,22,6,1000,0,1,0),(752,112,22,5,1000,0,1,0),(753,113,22,18,1000,0,1,0),(754,113,22,17,1000,0,1,0),(755,113,22,16,1000,0,1,0),(756,113,22,15,1000,0,1,0),(757,113,22,14,1000,0,1,0),(758,113,22,9,1000,0,1,0),(759,113,22,8,1000,0,1,0),(760,113,22,7,1000,0,1,0),(761,113,22,6,1000,0,1,0),(762,113,22,5,1000,0,1,0),(763,114,22,18,1000,0,1,0),(764,114,22,17,1000,0,1,0),(765,114,22,16,1000,0,1,0),(766,114,22,15,1000,0,1,0),(767,114,22,14,1000,0,1,0),(768,114,22,9,1000,0,1,0),(769,114,22,8,1000,0,1,0),(770,114,22,7,1000,0,1,0),(771,114,22,6,1000,0,1,0),(772,114,22,5,1000,0,1,0),(773,115,22,18,1000,0,1,0),(774,115,22,17,1000,0,1,0),(775,115,22,16,1000,0,1,0),(776,115,22,15,1000,0,1,0),(777,115,22,14,1000,0,1,0),(778,115,22,9,1000,0,1,0),(779,115,22,8,1000,0,1,0),(780,115,22,7,1000,0,1,0),(781,115,22,6,1000,0,1,0),(782,115,22,5,1000,0,1,0),(783,116,22,18,1000,0,1,0),(784,116,22,17,1000,0,1,0),(785,116,22,16,1000,0,1,0),(786,116,22,15,1000,0,1,0),(787,116,22,14,1000,0,1,0),(788,116,22,9,1000,0,1,0),(789,116,22,8,1000,0,1,0),(790,116,22,7,1000,0,1,0),(791,116,22,6,1000,0,1,0),(792,116,22,5,1000,0,1,0),(793,117,22,18,1000,0,1,0),(794,117,22,17,1000,0,1,0),(795,117,22,16,1000,0,1,0),(796,117,22,15,1000,0,1,0),(797,117,22,14,1000,0,1,0),(798,117,22,9,1000,0,1,0),(799,117,22,8,1000,0,1,0),(800,117,22,7,1000,0,1,0),(801,117,22,6,1000,0,1,0),(802,117,22,5,1000,0,1,0),(803,118,22,18,1000,0,1,0),(804,118,22,17,1000,0,1,0),(805,118,22,16,1000,0,1,0),(806,118,22,15,1000,0,1,0),(807,118,22,14,1000,0,1,0),(808,118,22,9,1000,0,1,0),(809,118,22,8,1000,0,1,0),(810,118,22,7,1000,0,1,0),(811,118,22,6,1000,0,1,0),(812,118,22,5,1000,0,1,0),(813,119,22,18,1000,0,1,0),(814,119,22,17,1000,0,1,0),(815,119,22,16,1000,0,1,0),(816,119,22,15,1000,0,1,0),(817,119,22,14,1000,0,1,0),(818,119,22,9,1000,0,1,0),(819,119,22,8,1000,0,1,0),(820,119,22,7,1000,0,1,0),(821,119,22,6,1000,0,1,0),(822,119,22,5,1000,0,1,0),(823,120,22,18,1000,0,1,0),(824,120,22,17,1000,0,1,0),(825,120,22,16,1000,0,1,0),(826,120,22,15,1000,0,1,0),(827,120,22,14,1000,0,1,0),(828,120,22,9,1000,0,1,0),(829,120,22,8,1000,0,1,0),(830,120,22,7,1000,0,1,0),(831,120,22,6,1000,0,1,0),(832,120,22,5,1000,0,1,0),(833,121,22,18,1000,0,1,0),(834,121,22,17,1000,0,1,0),(835,121,22,16,1000,0,1,0),(836,121,22,15,1000,0,1,0),(837,121,22,14,1000,0,1,0),(838,121,22,9,1000,0,1,0),(839,121,22,8,1000,0,1,0),(840,121,22,7,1000,0,1,0),(841,121,22,6,1000,0,1,0),(842,121,22,5,1000,0,1,0),(843,122,22,18,1000,0,1,0),(844,122,22,17,1000,0,1,0),(845,122,22,16,1000,0,1,0),(846,122,22,15,1000,0,1,0),(847,122,22,14,1000,0,1,0),(848,122,22,9,1000,0,1,0),(849,122,22,8,1000,0,1,0),(850,122,22,7,1000,0,1,0),(851,122,22,6,1000,0,1,0),(852,122,22,5,1000,0,1,0),(853,123,22,18,1000,0,1,0),(854,123,22,17,1000,0,1,0),(855,123,22,16,1000,0,1,0),(856,123,22,15,1000,0,1,0),(857,123,22,14,1000,0,1,0),(858,123,22,9,1000,0,1,0),(859,123,22,8,1000,0,1,0),(860,123,22,7,1000,0,1,0),(861,123,22,6,1000,0,1,0),(862,123,22,5,1000,0,1,0),(863,124,22,18,1000,0,1,0),(864,124,22,17,1000,0,1,0),(865,124,22,16,1000,0,1,0),(866,124,22,15,1000,0,1,0),(867,124,22,14,1000,0,1,0),(868,124,22,9,1000,0,1,0),(869,124,22,8,1000,0,1,0),(870,124,22,7,1000,0,1,0),(871,124,22,6,1000,0,1,0),(872,124,22,5,1000,0,1,0),(873,125,22,18,1000,0,1,0),(874,125,22,17,1000,0,1,0),(875,125,22,16,1000,0,1,0),(876,125,22,15,1000,0,1,0),(877,125,22,14,1000,0,1,0),(878,125,22,9,1000,0,1,0),(879,125,22,8,1000,0,1,0),(880,125,22,7,1000,0,1,0),(881,125,22,6,1000,0,1,0),(882,125,22,5,1000,0,1,0),(883,126,22,18,1000,0,1,0),(884,126,22,17,1000,0,1,0),(885,126,22,16,1000,0,1,0),(886,126,22,15,1000,0,1,0),(887,126,22,14,1000,0,1,0),(888,126,22,9,1000,0,1,0),(889,126,22,8,1000,0,1,0),(890,126,22,7,1000,0,1,0),(891,126,22,6,1000,0,1,0),(892,126,22,5,1000,0,1,0),(893,127,22,18,1000,0,1,0),(894,127,22,17,1000,0,1,0),(895,127,22,16,1000,0,1,0),(896,127,22,15,1000,0,1,0),(897,127,22,14,1000,0,1,0),(898,127,22,9,1000,0,1,0),(899,127,22,8,1000,0,1,0),(900,127,22,7,1000,0,1,0),(901,127,22,6,1000,0,1,0),(902,127,22,5,1000,0,1,0),(903,128,22,18,1000,0,1,0),(904,128,22,17,1000,0,1,0),(905,128,22,16,1000,0,1,0),(906,128,22,15,1000,0,1,0),(907,128,22,14,1000,0,1,0),(908,128,22,9,1000,0,1,0),(909,128,22,8,1000,0,1,0),(910,128,22,7,1000,0,1,0),(911,128,22,6,1000,0,1,0),(912,128,22,5,1000,0,1,0),(913,129,22,18,1000,0,1,0),(914,129,22,17,1000,0,1,0),(915,129,22,16,1000,0,1,0),(916,129,22,15,1000,0,1,0),(917,129,22,14,1000,0,1,0),(918,129,22,9,1000,0,1,0),(919,129,22,8,1000,0,1,0),(920,129,22,7,1000,0,1,0),(921,129,22,6,1000,0,1,0),(922,129,22,5,1000,0,1,0),(923,130,22,18,1000,0,1,0),(924,130,22,17,1000,0,1,0),(925,130,22,16,1000,0,1,0),(926,130,22,15,1000,0,1,0),(927,130,22,14,1000,0,1,0),(928,130,22,9,1000,0,1,0),(929,130,22,8,1000,0,1,0),(930,130,22,7,1000,0,1,0),(931,130,22,6,1000,0,1,0),(932,130,22,5,1000,0,1,0),(933,131,22,18,1000,0,1,0),(934,131,22,17,1000,0,1,0),(935,131,22,16,1000,0,1,0),(936,131,22,15,1000,0,1,0),(937,131,22,14,1000,0,1,0),(938,131,22,9,1000,0,1,0),(939,131,22,8,1000,0,1,0),(940,131,22,7,1000,0,1,0),(941,131,22,6,1000,0,1,0),(942,131,22,5,1000,0,1,0),(943,132,22,18,1000,0,1,0),(944,132,22,17,1000,0,1,0),(945,132,22,16,1000,0,1,0),(946,132,22,15,1000,0,1,0),(947,132,22,14,1000,0,1,0),(948,132,22,9,1000,0,1,0),(949,132,22,8,1000,0,1,0),(950,132,22,7,1000,0,1,0),(951,132,22,6,1000,0,1,0),(952,132,22,5,1000,0,1,0),(953,133,22,18,1000,0,1,0),(954,133,22,17,1000,0,1,0),(955,133,22,16,1000,0,1,0),(956,133,22,15,1000,0,1,0),(957,133,22,14,1000,0,1,0),(958,133,22,9,1000,0,1,0),(959,133,22,8,1000,0,1,0),(960,133,22,7,1000,0,1,0),(961,133,22,6,1000,0,1,0),(962,133,22,5,1000,0,1,0),(963,134,22,18,1000,0,1,0),(964,134,22,17,1000,0,1,0),(965,134,22,16,1000,0,1,0),(966,134,22,15,1000,0,1,0),(967,134,22,14,1000,0,1,0),(968,134,22,9,1000,0,1,0),(969,134,22,8,1000,0,1,0),(970,134,22,7,1000,0,1,0),(971,134,22,6,1000,0,1,0),(972,134,22,5,1000,0,1,0),(973,135,22,18,1000,0,1,0),(974,135,22,17,1000,0,1,0),(975,135,22,16,1000,0,1,0),(976,135,22,15,1000,0,1,0),(977,135,22,14,1000,0,1,0),(978,135,22,9,1000,0,1,0),(979,135,22,8,1000,0,1,0),(980,135,22,7,1000,0,1,0),(981,135,22,6,1000,0,1,0),(982,135,22,5,1000,0,1,0),(983,136,22,18,1000,0,1,0),(984,136,22,17,1000,0,1,0),(985,136,22,16,1000,0,1,0),(986,136,22,15,1000,0,1,0),(987,136,22,14,1000,0,1,0),(988,136,22,9,1000,0,1,0),(989,136,22,8,1000,0,1,0),(990,136,22,7,1000,0,1,0),(991,136,22,6,1000,0,1,0),(992,136,22,5,1000,0,1,0),(993,137,22,18,1000,0,1,0),(994,137,22,17,1000,0,1,0),(995,137,22,16,1000,0,1,0),(996,137,22,15,1000,0,1,0),(997,137,22,14,1000,0,1,0),(998,137,22,9,1000,0,1,0),(999,137,22,8,1000,0,1,0),(1000,137,22,7,1000,0,1,0),(1001,137,22,6,1000,0,1,0),(1002,137,22,5,1000,0,1,0),(1003,138,22,18,1000,0,1,0),(1004,138,22,17,1000,0,1,0),(1005,138,22,16,1000,0,1,0),(1006,138,22,15,1000,0,1,0),(1007,138,22,14,1000,0,1,0),(1008,138,22,9,1000,0,1,0),(1009,138,22,8,1000,0,1,0),(1010,138,22,7,1000,0,1,0),(1011,138,22,6,1000,0,1,0),(1012,138,22,5,1000,0,1,0),(1013,139,22,18,1000,0,1,0),(1014,139,22,17,1000,0,1,0),(1015,139,22,16,1000,0,1,0),(1016,139,22,15,1000,0,1,0),(1017,139,22,14,1000,0,1,0),(1018,139,22,9,1000,0,1,0),(1019,139,22,8,1000,0,1,0),(1020,139,22,7,1000,0,1,0),(1021,139,22,6,1000,0,1,0),(1022,139,22,5,1000,0,1,0),(1023,140,22,18,1000,0,1,0),(1024,140,22,17,1000,0,1,0),(1025,140,22,16,1000,0,1,0),(1026,140,22,15,1000,0,1,0),(1027,140,22,14,1000,0,1,0),(1028,140,22,9,1000,0,1,0),(1029,140,22,8,1000,0,1,0),(1030,140,22,7,1000,0,1,0),(1031,140,22,6,1000,0,1,0),(1032,140,22,5,1000,0,1,0),(1033,141,22,18,1000,0,1,0),(1034,141,22,17,1000,0,1,0),(1035,141,22,16,1000,0,1,0),(1036,141,22,15,1000,0,1,0),(1037,141,22,14,1000,0,1,0),(1038,141,22,9,1000,0,1,0),(1039,141,22,8,1000,0,1,0),(1040,141,22,7,1000,0,1,0),(1041,141,22,6,1000,0,1,0),(1042,141,22,5,1000,0,1,0),(1043,142,22,18,1000,0,1,0),(1044,142,22,17,1000,0,1,0),(1045,142,22,16,1000,0,1,0),(1046,142,22,15,1000,0,1,0),(1047,142,22,14,1000,0,1,0),(1048,142,22,9,1000,0,1,0),(1049,142,22,8,1000,0,1,0),(1050,142,22,7,1000,0,1,0),(1051,142,22,6,1000,0,1,0),(1052,142,22,5,1000,0,1,0),(1053,143,22,18,1000,0,1,0),(1054,143,22,17,1000,0,1,0),(1055,143,22,16,1000,0,1,0),(1056,143,22,15,1000,0,1,0),(1057,143,22,14,1000,0,1,0),(1058,143,22,9,1000,0,1,0),(1059,143,22,8,1000,0,1,0),(1060,143,22,7,1000,0,1,0),(1061,143,22,6,1000,0,1,0),(1062,143,22,5,1000,0,1,0),(1063,144,22,18,1000,0,1,0),(1064,144,22,17,1000,0,1,0),(1065,144,22,16,1000,0,1,0),(1066,144,22,15,1000,0,1,0),(1067,144,22,14,1000,0,1,0),(1068,144,22,9,1000,0,1,0),(1069,144,22,8,1000,0,1,0),(1070,144,22,7,1000,0,1,0),(1071,144,22,6,1000,0,1,0),(1072,144,22,5,1000,0,1,0),(1073,145,22,18,1000,0,1,0),(1074,145,22,17,1000,0,1,0),(1075,145,22,16,1000,0,1,0),(1076,145,22,15,1000,0,1,0),(1077,145,22,14,1000,0,1,0),(1078,145,22,9,1000,0,1,0),(1079,145,22,8,1000,0,1,0),(1080,145,22,7,1000,0,1,0),(1081,145,22,6,1000,0,1,0),(1082,145,22,5,1000,0,1,0),(1083,146,22,18,1000,0,1,0),(1084,146,22,17,1000,0,1,0),(1085,146,22,16,1000,0,1,0),(1086,146,22,15,1000,0,1,0),(1087,146,22,14,1000,0,1,0),(1088,146,22,9,1000,0,1,0),(1089,146,22,8,1000,0,1,0),(1090,146,22,7,1000,0,1,0),(1091,146,22,6,1000,0,1,0),(1092,146,22,5,1000,0,1,0),(1093,147,22,18,1000,0,1,0),(1094,147,22,17,1000,0,1,0),(1095,147,22,16,1000,0,1,0),(1096,147,22,15,1000,0,1,0),(1097,147,22,14,1000,0,1,0),(1098,147,22,9,1000,0,1,0),(1099,147,22,8,1000,0,1,0),(1100,147,22,7,1000,0,1,0),(1101,147,22,6,1000,0,1,0),(1102,147,22,5,1000,0,1,0),(1103,148,22,18,1000,0,1,0),(1104,148,22,17,1000,0,1,0),(1105,148,22,16,1000,0,1,0),(1106,148,22,15,1000,0,1,0),(1107,148,22,14,1000,0,1,0),(1108,148,22,9,1000,0,1,0),(1109,148,22,8,1000,0,1,0),(1110,148,22,7,1000,0,1,0),(1111,148,22,6,1000,0,1,0),(1112,148,22,5,1000,0,1,0),(1113,149,22,18,1000,0,1,0),(1114,149,22,17,1000,0,1,0),(1115,149,22,16,1000,0,1,0),(1116,149,22,15,1000,0,1,0),(1117,149,22,14,1000,0,1,0),(1118,149,22,9,1000,0,1,0),(1119,149,22,8,1000,0,1,0),(1120,149,22,7,1000,0,1,0),(1121,149,22,6,1000,0,1,0),(1122,149,22,5,1000,0,1,0),(1123,150,22,18,1000,0,1,0),(1124,150,22,17,1000,0,1,0),(1125,150,22,16,1000,0,1,0),(1126,150,22,15,1000,0,1,0),(1127,150,22,14,1000,0,1,0),(1128,150,22,9,1000,0,1,0),(1129,150,22,8,1000,0,1,0),(1130,150,22,7,1000,0,1,0),(1131,150,22,6,1000,0,1,0),(1132,150,22,5,1000,0,1,0),(1133,151,22,18,1000,0,1,0),(1134,151,22,17,1000,0,1,0),(1135,151,22,16,1000,0,1,0),(1136,151,22,15,1000,0,1,0),(1137,151,22,14,1000,0,1,0),(1138,151,22,9,1000,0,1,0),(1139,151,22,8,1000,0,1,0),(1140,151,22,7,1000,0,1,0),(1141,151,22,6,1000,0,1,0),(1142,151,22,5,1000,0,1,0),(1143,152,22,18,1000,0,1,0),(1144,152,22,17,1000,0,1,0),(1145,152,22,16,1000,0,1,0),(1146,152,22,15,1000,0,1,0),(1147,152,22,14,1000,0,1,0),(1148,152,22,9,1000,0,1,0),(1149,152,22,8,1000,0,1,0),(1150,152,22,7,1000,0,1,0),(1151,152,22,6,1000,0,1,0),(1152,152,22,5,1000,0,1,0),(1153,153,22,18,1000,0,1,0),(1154,153,22,17,1000,0,1,0),(1155,153,22,16,1000,0,1,0),(1156,153,22,15,1000,0,1,0),(1157,153,22,14,1000,0,1,0),(1158,153,22,9,1000,0,1,0),(1159,153,22,8,1000,0,1,0),(1160,153,22,7,1000,0,1,0),(1161,153,22,6,1000,0,1,0),(1162,153,22,5,1000,0,1,0),(1163,154,22,18,1000,0,1,0),(1164,154,22,17,1000,0,1,0),(1165,154,22,16,1000,0,1,0),(1166,154,22,15,1000,0,1,0),(1167,154,22,14,1000,0,1,0),(1168,154,22,9,1000,0,1,0),(1169,154,22,8,1000,0,1,0),(1170,154,22,7,1000,0,1,0),(1171,154,22,6,1000,0,1,0),(1172,154,22,5,1000,0,1,0),(1173,155,22,18,1000,0,1,0),(1174,155,22,17,1000,0,1,0),(1175,155,22,16,1000,0,1,0),(1176,155,22,15,1000,0,1,0),(1177,155,22,14,1000,0,1,0),(1178,155,22,9,1000,0,1,0),(1179,155,22,8,1000,0,1,0),(1180,155,22,7,1000,0,1,0),(1181,155,22,6,1000,0,1,0),(1182,155,22,5,1000,0,1,0),(1183,156,22,18,1000,0,1,0),(1184,156,22,17,1000,0,1,0),(1185,156,22,16,1000,0,1,0),(1186,156,22,15,1000,0,1,0),(1187,156,22,14,1000,0,1,0),(1188,156,22,9,1000,0,1,0),(1189,156,22,8,1000,0,1,0),(1190,156,22,7,1000,0,1,0),(1191,156,22,6,1000,0,1,0),(1192,156,22,5,1000,0,1,0),(1193,157,22,18,1000,0,1,0),(1194,157,22,17,1000,0,1,0),(1195,157,22,16,1000,0,1,0),(1196,157,22,15,1000,0,1,0),(1197,157,22,14,1000,0,1,0),(1198,157,22,9,1000,0,1,0),(1199,157,22,8,1000,0,1,0),(1200,157,22,7,1000,0,1,0),(1201,157,22,6,1000,0,1,0),(1202,157,22,5,1000,0,1,0),(1203,158,22,18,1000,0,1,0),(1204,158,22,17,1000,0,1,0),(1205,158,22,16,1000,0,1,0),(1206,158,22,15,1000,0,1,0),(1207,158,22,14,1000,0,1,0),(1208,158,22,9,1000,0,1,0),(1209,158,22,8,1000,0,1,0),(1210,158,22,7,1000,0,1,0),(1211,158,22,6,1000,0,1,0),(1212,158,22,5,1000,0,1,0),(1213,159,22,18,1000,0,1,0),(1214,159,22,17,1000,0,1,0),(1215,159,22,16,1000,0,1,0),(1216,159,22,15,1000,0,1,0),(1217,159,22,14,1000,0,1,0),(1218,159,22,9,1000,0,1,0),(1219,159,22,8,1000,0,1,0),(1220,159,22,7,1000,0,1,0),(1221,159,22,6,1000,0,1,0),(1222,159,22,5,1000,0,1,0),(2003,238,24,18,1000,0,1,0),(2004,238,24,17,1000,0,1,0),(2005,238,24,16,1000,0,1,0),(2006,238,24,9,1000,0,1,0),(2007,238,24,8,1000,0,1,0),(2008,239,24,18,1000,0,1,0),(2009,239,24,17,1000,0,1,0),(2010,239,24,16,1000,0,1,0),(2011,239,24,9,1000,0,1,0),(2012,239,24,8,1000,0,1,0),(2013,240,24,18,1000,0,1,0),(2014,240,24,17,1000,0,1,0),(2015,240,24,16,1000,0,1,0),(2016,240,24,9,1000,0,1,0),(2017,240,24,8,1000,0,1,0),(2018,241,24,18,1000,0,1,0),(2019,241,24,17,1000,0,1,0),(2020,241,24,16,1000,0,1,0),(2021,241,24,9,1000,0,1,0),(2022,241,24,8,1000,0,1,0),(2023,242,24,18,1000,0,1,0),(2024,242,24,17,1000,0,1,0),(2025,242,24,16,1000,0,1,0),(2026,242,24,9,1000,0,1,0),(2027,242,24,8,1000,0,1,0),(2028,243,24,18,1000,0,1,0),(2029,243,24,17,1000,0,1,0),(2030,243,24,16,1000,0,1,0),(2031,243,24,9,1000,0,1,0),(2032,243,24,8,1000,0,1,0),(2033,244,24,18,1000,0,1,0),(2034,244,24,17,1000,0,1,0),(2035,244,24,16,1000,0,1,0),(2036,244,24,9,1000,0,1,0),(2037,244,24,8,1000,0,1,0),(2038,245,24,18,1000,0,1,0),(2039,245,24,17,1000,0,1,0),(2040,245,24,16,1000,0,1,0),(2041,245,24,9,1000,0,1,0),(2042,245,24,8,1000,0,1,0),(2043,246,24,18,1000,0,1,0),(2044,246,24,17,1000,0,1,0),(2045,246,24,16,1000,0,1,0),(2046,246,24,9,1000,0,1,0),(2047,246,24,8,1000,0,1,0),(2048,247,24,18,1000,0,1,0),(2049,247,24,17,1000,0,1,0),(2050,247,24,16,1000,0,1,0),(2051,247,24,9,1000,0,1,0),(2052,247,24,8,1000,0,1,0),(2053,248,24,18,1000,0,1,0),(2054,248,24,17,1000,0,1,0),(2055,248,24,16,1000,0,1,0),(2056,248,24,9,1000,0,1,0),(2057,248,24,8,1000,0,1,0),(2058,249,24,18,1000,0,1,0),(2059,249,24,17,1000,0,1,0),(2060,249,24,16,1000,0,1,0),(2061,249,24,9,1000,0,1,0),(2062,249,24,8,1000,0,1,0),(2063,250,24,18,1000,0,1,0),(2064,250,24,17,1000,0,1,0),(2065,250,24,16,1000,0,1,0),(2066,250,24,9,1000,0,1,0),(2067,250,24,8,1000,0,1,0),(2068,251,24,18,1000,0,1,0),(2069,251,24,17,1000,0,1,0),(2070,251,24,16,1000,0,1,0),(2071,251,24,9,1000,0,1,0),(2072,251,24,8,1000,0,1,0),(2073,252,24,18,1000,0,1,0),(2074,252,24,17,1000,0,1,0),(2075,252,24,16,1000,0,1,0),(2076,252,24,9,1000,0,1,0),(2077,252,24,8,1000,0,1,0),(2078,253,24,18,1000,0,1,0),(2079,253,24,17,1000,0,1,0),(2080,253,24,16,1000,0,1,0),(2081,253,24,9,1000,0,1,0),(2082,253,24,8,1000,0,1,0),(2083,254,24,18,1000,0,1,0),(2084,254,24,17,1000,0,1,0),(2085,254,24,16,1000,0,1,0),(2086,254,24,9,1000,0,1,0),(2087,254,24,8,1000,0,1,0),(2088,255,24,18,1000,0,1,0),(2089,255,24,17,1000,0,1,0),(2090,255,24,16,1000,0,1,0),(2091,255,24,9,1000,0,1,0),(2092,255,24,8,1000,0,1,0),(2093,256,24,18,1000,0,1,0),(2094,256,24,17,1000,0,1,0),(2095,256,24,16,1000,0,1,0),(2096,256,24,9,1000,0,1,0),(2097,256,24,8,1000,0,1,0),(2098,257,24,18,1000,0,1,0),(2099,257,24,17,1000,0,1,0),(2100,257,24,16,1000,0,1,0),(2101,257,24,9,1000,0,1,0),(2102,257,24,8,1000,0,1,0),(2103,258,25,18,1000,0,1,0),(2104,258,25,9,1000,0,1,0),(2105,259,25,18,1000,0,1,0),(2106,259,25,9,1000,0,1,0),(2107,260,25,18,1000,0,1,0),(2108,260,25,9,1000,0,1,0),(2109,261,25,18,1000,0,1,0),(2110,261,25,9,1000,0,1,0),(2111,262,25,18,1000,0,1,0),(2112,262,25,9,1000,0,1,0),(2113,263,25,18,1000,0,1,0),(2114,263,25,9,1000,0,1,0),(2115,264,25,18,1000,0,1,0),(2116,264,25,9,1000,0,1,0),(2117,265,25,18,1000,0,1,0),(2118,265,25,9,1000,0,1,0),(2119,266,25,18,1000,0,1,0),(2120,266,25,9,1000,0,1,0),(2121,267,25,18,1000,0,1,0),(2122,267,25,9,1000,0,1,0),(2123,268,25,18,1000,0,1,0),(2124,268,25,9,1000,0,1,0),(2125,269,25,18,1000,0,1,0),(2126,269,25,9,1000,0,1,0),(2127,270,25,18,1000,0,1,0),(2128,270,25,9,1000,0,1,0),(2129,271,25,18,1000,0,1,0),(2130,271,25,9,1000,0,1,0),(2131,272,25,18,1000,0,1,0),(2132,272,25,9,1000,0,1,0);

/*Table structure for table `classoa_class_student_rela` */

DROP TABLE IF EXISTS `classoa_class_student_rela`;

CREATE TABLE `classoa_class_student_rela` (
  `id` int(10) NOT NULL AUTO_INCREMENT,
  `class_id` int(10) NOT NULL,
  `student_id` int(10) NOT NULL,
  `tuition_per_class` int(10) DEFAULT NULL COMMENT '学费（1课/1人），到分',
  `status` int(1) NOT NULL DEFAULT '0',
  PRIMARY KEY (`id`)
) ENGINE=InnoDB DEFAULT CHARSET=utf8 COLLATE=utf8_unicode_ci;

/*Data for the table `classoa_class_student_rela` */

/*Table structure for table `classoa_classroom` */

DROP TABLE IF EXISTS `classoa_classroom`;

CREATE TABLE `classoa_classroom` (
  `classroom_id` int(10) NOT NULL AUTO_INCREMENT,
  `name` varchar(20) COLLATE utf8_unicode_ci NOT NULL,
  `inst_id` int(10) NOT NULL,
  `status` int(1) NOT NULL DEFAULT '0' COMMENT '是否启用',
  PRIMARY KEY (`classroom_id`)
) ENGINE=InnoDB AUTO_INCREMENT=23 DEFAULT CHARSET=utf8 COLLATE=utf8_unicode_ci;

/*Data for the table `classoa_classroom` */

insert  into `classoa_classroom`(`classroom_id`,`name`,`inst_id`,`status`) values (2,'',1,1),(3,'',1,1),(4,'sd',1,1),(5,'dd',1,1),(6,'sdfs',1,1),(7,'33',1,1),(8,'44',1,1),(9,'55',1,1),(10,'66',1,1),(11,'77',1,1),(12,'88',1,1),(13,'99',1,1),(14,'11',1,1),(15,'12',1,1),(16,'qw',1,1),(17,'eee',1,1),(18,'11',1,1),(19,'11',1,1),(20,'dsf',1,1),(21,'706',1,0),(22,'504',1,0);

/*Table structure for table `classoa_classtype` */

DROP TABLE IF EXISTS `classoa_classtype`;

CREATE TABLE `classoa_classtype` (
  `id` int(10) NOT NULL AUTO_INCREMENT,
  `name` varchar(20) COLLATE utf8_unicode_ci NOT NULL,
  `inst_id` int(10) NOT NULL,
  `status` int(1) NOT NULL DEFAULT '0' COMMENT '0:正常 1:删除',
  PRIMARY KEY (`id`)
) ENGINE=InnoDB AUTO_INCREMENT=32 DEFAULT CHARSET=utf8 COLLATE=utf8_unicode_ci;

/*Data for the table `classoa_classtype` */

insert  into `classoa_classtype`(`id`,`name`,`inst_id`,`status`) values (3,'ket',1,0),(4,'pet',1,0),(5,'新概念1',1,0),(6,'新概念2',1,0),(7,'新概念3',1,1),(8,'nce',1,1),(9,'sdf',1,1),(10,'sdf',1,1),(11,'sdfsd',1,1),(12,'1212',1,1),(13,'sdfs',1,1),(14,'sdfsdf',1,1),(15,'qee',1,1),(16,'333',1,1),(17,'222222',1,1),(18,'4544',1,1),(19,'速度',1,1),(20,'似的发射点',1,1),(21,'ew',1,1),(22,'ee',1,1),(23,'fs',1,1),(24,'sdf',1,1),(25,'sdf',1,1),(26,'www',1,1),(27,'11',1,1),(28,'33',1,1),(29,'33',1,1),(30,'11',1,1),(31,'新概念3',1,0);

/*Table structure for table `classoa_institution` */

DROP TABLE IF EXISTS `classoa_institution`;

CREATE TABLE `classoa_institution` (
  `inst_id` int(10) NOT NULL AUTO_INCREMENT COMMENT 'PK',
  `name` varchar(40) COLLATE utf8_unicode_ci NOT NULL,
  `region_id` int(10) DEFAULT NULL COMMENT '三级区域ID',
  PRIMARY KEY (`inst_id`)
) ENGINE=InnoDB AUTO_INCREMENT=2 DEFAULT CHARSET=utf8 COLLATE=utf8_unicode_ci;

/*Data for the table `classoa_institution` */

insert  into `classoa_institution`(`inst_id`,`name`,`region_id`) values (1,'dingding',NULL);

/*Table structure for table `classoa_operator` */

DROP TABLE IF EXISTS `classoa_operator`;

CREATE TABLE `classoa_operator` (
  `operator_id` int(10) NOT NULL AUTO_INCREMENT,
  `inst_id` int(10) NOT NULL,
  `user_name` varchar(20) COLLATE utf8_unicode_ci NOT NULL,
  `user_pwd` varchar(50) COLLATE utf8_unicode_ci NOT NULL,
  `is_super_admin` int(1) DEFAULT '1' COMMENT '1:是 0:不是',
  `role_id` int(10) DEFAULT NULL COMMENT '角色id',
  PRIMARY KEY (`operator_id`)
) ENGINE=InnoDB AUTO_INCREMENT=3 DEFAULT CHARSET=utf8 COLLATE=utf8_unicode_ci;

/*Data for the table `classoa_operator` */

insert  into `classoa_operator`(`operator_id`,`inst_id`,`user_name`,`user_pwd`,`is_super_admin`,`role_id`) values (2,1,'test','E10ADC3949BA59ABBE56E057F20F883E',1,NULL);

/*Table structure for table `classoa_operator_login_log` */

DROP TABLE IF EXISTS `classoa_operator_login_log`;

CREATE TABLE `classoa_operator_login_log` (
  `id` int(10) NOT NULL AUTO_INCREMENT,
  `operator_id` int(10) NOT NULL,
  `login_time` varchar(25) COLLATE utf8_unicode_ci DEFAULT NULL,
  `ip` varchar(15) COLLATE utf8_unicode_ci DEFAULT NULL,
  PRIMARY KEY (`id`)
) ENGINE=InnoDB DEFAULT CHARSET=utf8 COLLATE=utf8_unicode_ci;

/*Data for the table `classoa_operator_login_log` */

/*Table structure for table `classoa_role` */

DROP TABLE IF EXISTS `classoa_role`;

CREATE TABLE `classoa_role` (
  `role_id` int(10) NOT NULL AUTO_INCREMENT,
  `name` varchar(10) COLLATE utf8_unicode_ci NOT NULL,
  `code` varchar(10) COLLATE utf8_unicode_ci NOT NULL COMMENT '角色编码',
  PRIMARY KEY (`role_id`)
) ENGINE=InnoDB DEFAULT CHARSET=utf8 COLLATE=utf8_unicode_ci;

/*Data for the table `classoa_role` */

/*Table structure for table `classoa_student` */

DROP TABLE IF EXISTS `classoa_student`;

CREATE TABLE `classoa_student` (
  `student_id` int(10) NOT NULL AUTO_INCREMENT COMMENT 'PK',
  `student_name` varchar(20) COLLATE utf8_unicode_ci NOT NULL,
  `gender` int(1) NOT NULL COMMENT '0:女 1:男',
  `grade` int(10) DEFAULT '0' COMMENT '年级',
  `school` varchar(20) COLLATE utf8_unicode_ci DEFAULT NULL COMMENT '学校',
  `parent_name` varchar(20) COLLATE utf8_unicode_ci DEFAULT NULL,
  `phone` varchar(20) COLLATE utf8_unicode_ci DEFAULT NULL,
  `balance` int(10) NOT NULL DEFAULT '0' COMMENT '余额',
  `status` int(1) NOT NULL DEFAULT '0' COMMENT '0 正常 1 删除',
  `inst_id` int(10) DEFAULT NULL,
  PRIMARY KEY (`student_id`)
) ENGINE=InnoDB AUTO_INCREMENT=19 DEFAULT CHARSET=utf8 COLLATE=utf8_unicode_ci;

/*Data for the table `classoa_student` */

insert  into `classoa_student`(`student_id`,`student_name`,`gender`,`grade`,`school`,`parent_name`,`phone`,`balance`,`status`,`inst_id`) values (1,'12',22,21,'12','1212','12',12,1,1),(2,'张馨予',0,6,'实验小学','张涵予','12033222334',10000,0,1),(3,'李晨',1,8,'石景山小学','范冰冰','12938382382',8000,0,1),(4,'路飞',1,5,'千阳号','龙','122342932',323,0,1),(5,'乔巴',1,5,'千阳号','121','2323',323,0,1),(6,'艾斯',1,23,'33','232','12121',1212,0,1),(7,'白胡子',1,12,'3','4','55',3,0,1),(8,'娜美',0,5,'6','额外','323232',11122,0,1),(9,'克罗克戴尔',2323,232,'32323','2323','2323',2323,0,1),(10,'香客斯',12,34,'34','3433','4343',434321,0,1),(11,'罗宾',1,23423,'2342','23423','23423',4545,0,1),(12,'多弗朗明哥',1,343,'232323','232322','323232',3232,0,1),(13,'刘速度',1,2,'22','22','23',44,0,1),(14,'阿黑哥',1,33,'44','rr','343',232,0,1),(15,'科技额',1,3,'4','5','67',78,0,1),(16,'百分点',0,1,'34','43','7766',8765,0,1),(17,'微软',1,2323,'2323','23','2323',23,0,1),(18,'梵蒂冈',1,121,'12121','2112','1212',1212,0,1);

/*Table structure for table `classoa_teacher` */

DROP TABLE IF EXISTS `classoa_teacher`;

CREATE TABLE `classoa_teacher` (
  `teacher_id` int(10) NOT NULL AUTO_INCREMENT COMMENT 'PK',
  `name` varchar(10) COLLATE utf8_unicode_ci NOT NULL,
  `mobile` varchar(15) COLLATE utf8_unicode_ci DEFAULT NULL,
  `inst_id` int(10) DEFAULT NULL COMMENT 'FK_classoa_institute',
  `status` int(1) NOT NULL DEFAULT '0' COMMENT '0：正常 1：删除',
  PRIMARY KEY (`teacher_id`)
) ENGINE=InnoDB AUTO_INCREMENT=33 DEFAULT CHARSET=utf8 COLLATE=utf8_unicode_ci;

/*Data for the table `classoa_teacher` */

insert  into `classoa_teacher`(`teacher_id`,`name`,`mobile`,`inst_id`,`status`) values (13,'dingding','',1,1),(14,'1212','',1,1),(15,'2323','2323',1,1),(16,'3333','2222',1,1),(17,'qw','2323232',1,1),(18,'sdfsdf','sdfsdf',1,1),(19,'wewerw','232323',1,1),(20,'232323','23232',1,1),(21,'2323','2323',1,1),(22,'232323','33333',1,1),(23,'445645','64545',1,1),(24,'4555','5555',1,1),(25,'56767','567567',1,1),(26,'888','9787',1,1),(27,'we','ww',1,1),(28,'qqq',NULL,1,1),(29,'eeeqqq',NULL,1,1),(30,'DDDD',NULL,1,0),(31,'纪年',NULL,1,0),(32,'WSJ',NULL,1,0);

/*!40101 SET SQL_MODE=@OLD_SQL_MODE */;
/*!40014 SET FOREIGN_KEY_CHECKS=@OLD_FOREIGN_KEY_CHECKS */;
/*!40014 SET UNIQUE_CHECKS=@OLD_UNIQUE_CHECKS */;
/*!40111 SET SQL_NOTES=@OLD_SQL_NOTES */;
